CNPJ_Fundo;Data_Referencia;Versao;Numero_Cotistas_Faixa_Ate_5;Numero_Cotas_Detidas_Faixa_Ate_5;Percentual_Cotas_Detidas_Faixa_Ate_5;Percentual_Detido_PF_Faixa_Ate_5;Percentual_Detido_PJ_Faixa_Ate_5;Numero_Cotistas_Faixa_5a10;Numero_Cotas_Detidas_Faixa_5a10;Percentual_Cotas_Detidas_Faixa_5a10;Percentual_Detido_PF_Faixa_5a10;Percentual_Detido_PJ_Faixa_5a10;Numero_Cotistas_Faixa_10a15;Numero_Cotas_Detidas_Faixa_10a15;Percentual_Cotas_Detidas_Faixa_10a15;Percentual_Detido_PF_Faixa_10a15;Percentual_Detido_PJ_Faixa_10a15;Numero_Cotistas_Faixa_15a20;Numero_Cotas_Detidas_Faixa_15a20;Percentual_Cotas_Detidas_Faixa_15a20;Percentual_Detido_PF_Faixa_15a20;Percentual_Detido_PJ_Faixa_15a20;Numero_Cotistas_Faixa_20a30;Numero_Cotas_Detidas_Faixa_20a30;Percentual_Cotas_Detidas_Faixa_20a30;Percentual_Detido_PF_Faixa_20a30;Percentual_Detido_PJ_Faixa_20a30;Numero_Cotistas_Faixa_30a40;Numero_Cotas_Detidas_Faixa_30a40;Percentual_Cotas_Detidas_Faixa_30a40;Percentual_Detido_PF_Faixa_30a40;Percentual_Detido_PJ_Faixa_30a40;Numero_Cotistas_Faixa_40a50;Numero_Cotas_Detidas_Faixa_40a50;Percentual_Cotas_Detidas_Faixa_40a50;Percentual_Detido_PF_Faixa_40a50;Percentual_Detido_PJ_Faixa_40a50;Numero_Cotistas_Faixa_Acima_50;Numero_Cotas_Detidas_Faixa_Acima_50;Percentual_Cotas_Detidas_Faixa_Acima_50;Percentual_Detido_PF_Faixa_Acima_50;Percentual_Detido_PJ_Faixa_Acima_50
00.332.266/0001-31;2020-12-01;1;5294;856535;0.305889079473981;0.514960859743034;0.485039140256966;1;169672;0.0605939183950568;0;1;2;675484;0.241231448755048;0;1;;;;;;;;;;;1;1098458;0.39228555337591;0;1;;;;;;;;;;
00.613.094/0001-74;2020-12-01;1;459;99212;0.1308;0.5109;0.4891;1;54168;0.0714;0;1;1;88986;0.1174;0;1;1;121738;0.1605;0;1;2;394296;0.5199;0;1;;;;;;;;;;;;;;;
00.762.723/0001-28;2020-12-01;1;3501;470149;0.1811;0.999;0.001;2;343673;0.1325;0;1;;;;;;1;454425;0.1752;0;1;;;;;;;;;;;;;;;;1;1326032;0.5112;0;1
00.868.235/0001-08;2020-12-01;1;3;2100;0.0387;1;0;2;6056;0.1115;0;1;;;;;;1;9084;0.167243537815745;0;1;;;;;;;;;;;;;;;;1;37076;0.6826;0;1
01.201.140/0001-90;2020-12-01;1;20655;2300665;0.1885197871849;0.1800921890688;0.00842759811610008;3;2408418;0.197349308205053;0.0761800821102681;0.121169226094785;;;;;;;;;;;;;;;;;;;;;;;;;;1;7494750;0.614130822668583;0;0.614130822668583
01.235.622/0001-61;2020-12-01;1;50;93867;0.1071;0.0223;0.0848;5;313941;0.3582;0;0.3582;1;116751;0.1332;0;0.1332;0;0;0;0;0;0;0;0;0;0;0;0;0;0;0;1;351962;0.4015;0;0.4015;0;0;0;0;0
01.497.954/0001-14;2020-12-01;2;4;576863;0.066276;0.008667;0.057609;;;;;;;;;;;;;;;;1;1740799;0.2;0.2;0;;;;;;;;;;;1;6386332;0.733724;0;0.733724
01.601.918/0001-59;2020-12-01;1;1;500000;1;0;1;;;;;;;;;;;;;;;;;;;;;;;;;;;;;;;;;;;
01.633.741/0001-72;2020-12-01;1;350;104120;0.205;0.0567;0.1483;1;44563;0.0877;;0.0877;;;;;;1;91389;0.1799;;0.1799;;;;;;;;;;;;;;;;1;267936;0.5274;;0.5274
01.636.325/0001-28;2020-12-01;1;;;;;;;;;;;1;25138;0.107016882983459;;0.107016882983459;;;;;;1;52379;0.222984658059655;;0.222984658059655;2;157383;0.669998458956885;;0.669998458956885;;;;;;;;;;
01.657.856/0001-05;2020-12-01;1;4794;2494684;0.594;0.5702;0.0238;6;1705316;0.406;0.2514;0.1546;;;;;;;;;;;;;;;;;;;;;;;;;;;;;;
01.964.775/0001-40;2020-12-01;1;;;;;;1;744200;0.0591;0;0.0591;;;;;;5;11838800;0.9408;0;0.9408;;;;;;;;;;;;;;;;;;;;
02.027.437/0001-44;2020-12-01;1;7;5115;0.0365;1;0;2;27545;0.1968;1;0;2;37340;0.2667;0.44;0.56;;;;;;;;;;;;;;;;1;70000;0.5;0;1;;;;;
02.508.235/0001-14;2020-12-01;1;2;890;0.052;0.052;;2;4240;0.248;0.248;;1;11970;0.7;0.7;;;;;;;;;;;;;;;;;;;;;;;;;;
03.251.720/0001-18;2020-12-01;1;1003;176572;0.235429;0.207763;0.027667;4;229745;0.306327;0.157761;0.148565;2;193683;0.258244;;0.258244;1;150000;0.2;;0.2;;;;;;;;;;;;;;;;;;;;
03.507.519/0001-59;2020-12-01;1;3127;608950;1;0.5234;0.4766;;;;;;;;;;;;;;;;;;;;;;;;;;;;;;;;;;;
03.683.056/0001-86;2020-12-01;1;27814;3449402;0.9346;0.5013;0.4333;1;241293;0.065379;0;0.065379;;;;;;;;;;;;;;;;;;;;;;;;;;;;;;
03.855.441/0001-63;2020-12-01;1;1;1219857;0.00845885450868296;0;1;;;;;;;;;;;;;;;;;;;;;;;;;;;;;;;1;142990804;0.991541145491317;0;1
04.066.582/0001-60;2020-12-01;1;3205;200000;1;0.95608;0.04392;0;0;0;0;0;0;0;0;0;0;0;0;0;0;0;0;0;0;0;0;0;0;0;0;0;0;0;0;0;0;0;0;0;0;0
04.141.645/0001-03;2020-12-01;1;69126;56959214;0.8251;0.8108;0.0143;1;4390722;0.0636;0.0636;;1;7683564;0.1113;;0.1113;;;;;;;;;;;;;;;;;;;;;;;;;
04.722.883/0001-02;2020-12-01;1;655;645615;0.164046456389202;0.115385045388689;0.0486614110005128;0;0;0;0;0;0;0;0;0;0;0;0;0;0;0;0;0;0;0;0;0;0;0;0;0;0;0;0;0;0;1;3289947;0.835953543610798;0;0.835953543610798
04.782.236/0001-88;2020-12-01;1;1;36036;0.0106;;0.0106;;;;;;;;;;;1;650379;0.1915;;0.1915;;;;;;;;;;;;;;;;1;2709069;0.7979;;0.7979
05.437.916/0001-27;2020-12-01;1;1976;224745;0.585371;0.585371;0;4;116771;0.304142;0.249901;0.054241;1;42420;0.110487;;0.110487;;;;;;;;;;;;;;;;;;;;;;;;;
05.562.312/0001-02;2020-12-01;2;3979;74319;0.709150763358779;0.685209923664122;0.0239408396946565;3;30481;0.290849236641221;0.290849236641221;0;0;0;0;0;0;0;0;0;0;0;0;0;0;0;0;0;0;0;0;0;0;0;0;0;0;0;0;0;0;0
06.175.262/0001-73;2020-12-01;1;633;182389;0.7728;0.9937;0.0063;1;15360;0.0651;1;0;;;;;;1;38251;0.1621;0;1;;;;;;;;;;;;;;;;;;;;
07.000.400/0001-46;2020-12-01;1;7355;130000;1;0.9726;0.0274;0;0;0;0.0513;0;0;0;0;0;0;0;0;0;0;0;0;0;0;0;0;0;0;0;0;0;0;0;0;0;0;0;0;0;0;0
07.122.725/0001-00;2020-12-01;1;3883;87233;0.784631713393957;0.591534220207417;0.19309749318654;1;7146;0.0642758844005505;0;0.0642758844005505;0;0;0;0;0;1;16798;0.151092402205492;0;0.151092402205492;0;0;0;0;0;0;0;0;0;0;0;0;0;0;0;0;0;0;0;0
07.224.019/0001-60;2020-12-01;1;0;0;0;0;0;0;0;0;0;0;0;0;0;0;0;0;0;0;0;0.2022;1;290525;0.2022;0;0.3152;1;452759;0.3152;0;0.4826;1;693319;0.4826;0;0;0;0;0;0;
07.583.627/0001-61;2020-12-01;1;0;0;0;0;0;0;0;0;0;0;0;0;0;0;0;0;0;0;0;0;0;0;0;0;0;0;0;0;0;0;0;0;0;0;0;1;224952;1;0;1
07.789.135/0001-27;2020-12-01;2;55;70147;0.1555;0.8169;0.1831;;;;;;;;;;;;;;;;;;;;;;;;;;;;;;;1;380966;0.8445;0;1
08.014.513/0001-63;2020-12-01;1;7566;1081375;0.944597309573725;0.933296645702306;0.0113006638714186;1;63425;0.0554026904262753;0;0.0554026904262753;0;0;0;0;0;0;0;0;0;0;0;0;0;0;0;0;0;0;0;0;0;0;0;0;0;0;0;0;0;0
08.098.114/0001-28;2020-06-01;1;1;65095;0.0148;0.0148;0;;;;;;;;;;;;;;;;;;;;;;;;;;;;;;;1;4344895;0.9852;0;0.9852
08.417.532/0001-30;2020-12-01;1;1;465;0.01;;1;;;;;;;;;;;;;;;;;;;;;;;;;;;;;;;1;46506;0.99;;1
08.431.747/0001-06;2020-12-01;2;79945;8744460;0.8744;0.8373;0.1627;2;1255540;0.1256;0.4516;0.5484;;;;;;;;;;;;;;;;;;;;;;;;;;;;;;
08.693.497/0001-82;2020-12-01;1;48;1948;0.003541;0.00355;0;4;206700;0.375761;0.37576;0;0;0;0;0;0;1;108355;0.196979;0.196979;0;0;0;0;0;0;0;0;0;0;0;1;233081;0.423719;0;0.423719;0;0;0;0;0
08.696.175/0001-97;2020-06-01;1;6880;927162;1;0.956284877939313;0.0437151220606539;;;;;;;;;;;;;;;;;;;;;;;;;;;;;;;;;;;
08.706.065/0001-69;2020-12-01;1;24394;1106448;0.880213711454533;0.875242438079843;0.00497127337469034;0;0;0;0;0;1;150574;0.119786288545467;0;0.119786288545467;0;0;0;0;0;0;0;0;0;0;0;0;0;0;0;0;0;0;0;0;0;0;0;0;0
08.924.783/0001-01;2020-12-01;1;118764;23537225;0.883589102597841;0.636236559809855;0.247352542787985;2;3100977;0.116410897402159;0.0516475173512086;0.0647633800509509;0;0;0;0;0;0;0;0;0;0;0;0;0;0;0;0;0;0;0;0;0;0;0;0;0;0;0;0;0;0
09.006.914/0001-34;2020-12-01;1;13186;1608937;0.8689;0.7752;0.2248;2;242849;0.1311;0;1;;;;;;;;;;;;;;;;;;;;;;;;;;;;;;
09.072.017/0001-29;2020-12-01;2;103363;11817767;1;0.8418;0.1582;0;0;0;0;0;0;0;0;0;0;0;0;0;0;0;0;0;0;0;0;0;0;0;0;0;0;0;0;0;0;0;0;0;0;0
09.276.964/0001-31;2020-12-01;1;;;;;;;;;;;;;;;;;;;;;;;;;;;;;;;;;;;;1;1206204.15662318;1;;1
09.326.861/0001-39;2020-12-01;1;2055;303677;0.2975;0.9914;0.0086;1;75000;0.0735;1;;;;;;;;;;;;;;;;;;;;;;;;;;;1;642070;0.629;;1
09.350.920/0001-04;2020-12-01;1;41;120150;0.1224;0.1224;0;13;861322;0.8776;0.8776;0;;;;;;;;;;;;;;;;;;;;;;;;;;;;;;
09.517.273/0001-82;2020-03-01;1;159;894963.6273502;0.9321927698423;0.86085759832561;0.0713351715166896;1;65099.20118;0.0678072301577002;0.0678072301577002;;;;;;;;;;;;;;;;;;;;;;;;;;;;;;;
09.517.273/0001-82;2020-12-01;1;159;894963.6273502;0.9321927698423;0.86085759832561;0.0713351715166896;1;65099.20118;0.0678072301577002;0.0678072301577002;;;;;;;;;;;;;;;;;;;;;;;;;;;;;;;
09.552.812/0001-14;2020-12-01;1;10650;2029633;0.593122624706125;0.508132071088226;0.0849905536178986;1;187080;0.0546706624448961;0;0.0546706624448961;1;366994;0.107247194212648;0;0.107247194212648;0;0;0;0;0;1;838238;0.244959518636331;0;0.244959518636331;0;0;0;0;0;0;0;0;0;0;0;0;0;0;0
10.347.505/0001-80;2020-12-01;1;515;7673322.00000017;0.9351;0.960645920222436;0.0392471393433857;1;532528;0.064896;0;1;0;0;0;0;0;0;0;0;0;0;0;0;0;0;0;0;0;0;0;0;0;0;0;0;0;0;0;0;0;0
10.347.985/0001-80;2020-12-01;1;1778;1778342;0.6562;0.692;0.308;3;511035;0.1886;;1;;;;;;1;420623;0.1552;;1;;;;;;;;;;;;;;;;;;;;
10.375.382/0001-91;2020-12-01;1;1029;22248;0.341059602649007;0.338146921756193;0.00291268089281334;1;4450;0.0682180524895757;0;0.0682180524895757;0;0;0;0;0;0;0;0;0;0;0;0;0;0;0;0;0;0;0;0;0;0;0;0;0;1;38534;0.590722344861418;0;0.590722344861418
10.410.463/0001-85;2020-12-01;1;;;;;;;;;;;;;;;;;;;;;;;;;;;;;;;;;;;;1;1000000;1;0;0
10.427.246/0001-06;2020-12-01;1;0;0;0;0;0;0;0;0;0;0;0;0;0;0;0;0;0;0;0;0;0;0;0;0;0;0;0;0;0;0;0;0;0;0;0;1;6184274.000016;1;0;1
10.456.799/0001-89;2020-12-01;2;;;;;;;;;;;;;;;;;;;;;;;;;;;;;;;1;15609;0.4999;0;0.4999;1;15610;0.5;0;0.5
10.456.810/0001-00;2020-12-01;1;293;16006;0.0343;0.0343;0;4;136045;0.2913;0.2913;0;1;314898;0.6744;0;0.6744;;;;;;;;;;;;;;;;;;;;;1;314898;0.6744;0;0.6744
10.522.648/0001-81;2020-12-01;1;51;10486;0.1684;0.1684;0;0;0;0;0;0;0;0;0;0;0;0;0;0;0;0;0;0;0;0;0;0;0;0;0;0;0;0;0;0;0;1;51792;0.8316;0;0.8316
10.869.155/0001-12;2020-12-01;1;4230;100000;0.4193;0.3972;0.0222;1;19000;0.0797;0;0.0797;0;0;0;0;0;0;0;0;0;0;0;0;0;0;0;0;0;0;0;0;0;0;0;0;0;1;119477;0.501;0;0.501
10.991.914/0001-15;2020-12-01;1;2279;1047225;0.6115;0.5664;0.0451;2;237499.9999975;0.1385;0.0729;0.0656;0;0;0;0;0;0;0;0;0;0;1;428225;0.25;0;0.25;0;0;0;0;0;0;0;0;0;0;0;0;0;0;0
11.026.627/0001-38;2020-12-01;1;255554;20562973;1;0.969823526977349;0.030176473022651;0;0;0;0;0;0;0;0;0;0;0;0;0;0;0;0;0;0;0;0;0;0;0;0;0;0;0;0;0;0;0;0;0;0;0
11.044.355/0001-07;2020-12-01;1;48;6206.66;0.386649038533271;0.386644965390803;4.07314246809457E-06;8;9845.78;0.613350961466729;0.613350961466729;0;;;;;;;;;;;;;;;;;;;;;;;;;;;;;;
11.160.521/0001-22;2020-12-01;1;61126;10841866;0.8763;0.7859;0.0904;2;1530584;0.1237;0;0.1237;0;0;0;0;0;0;0;0;0;0;0;0;0;0;0;0;0;0;0;0;0;0;0;0;0;0;0;0;0;0
11.179.118/0001-45;2020-12-01;1;5172;579357;0.9022;0.8913;0.0108;1;62811;0.0978;0;0.0978;0;0;0.1361;0;0.1361;0;0;0;0;0;0;0;0;0;0;0;0;0;0;0;0;0;0;0;0;0;0;0;0;0
11.233.841/0001-65;2020-12-01;1;;;;;;;;;;;;;;;;;;;;;;;;;;;;;;;;;;;;1;1529229.79;1;0;1
11.260.134/0001-68;2020-12-01;1;9377;1209270;0.7329;0.6883;0.0446;1;87688;0.0531;0;0.0531;0;0;0;0;0;0;0;0;0;0;1;353042;0.214;0;0.214;0;0;0;0;0;0;0;0;0;0;0;0;0;0;0
11.268.335/0001-01;2020-12-01;1;0;0;0;0;0;0;0;0;0;0;0;0;0;0;0;0;0;0;0;0;0;0;0;0;0;0;0;0;0;0;0;0;0;0;0;1;156.7160539;1;0;1
11.274.415/0001-70;2020-12-01;1;2863;59245;1;0.9016;0.0984;0;0;0;0;0;0;0;0;0;0;0;0;0;0;0;0;0;0;0;0;0;0;0;0;0;0;0;0;0;0;0;0;0;0;0
11.281.322/0001-72;2020-12-01;1;1301;72060;0.3695;0.9168;0.0832;2;30844;0.1582;0.6315;0.3685;;;;;;;;;;;;;;;;;;;;;1;92096;0.4723;;1;;;;;
11.326.746/0001-06;2020-12-01;1;;;;;;;;;;;;;;;;;;;;;;;;;;;;;;;;;;;;1;17450;1;0;1
11.425.077/0001-20;2020-12-01;1;;;;;;;;;;;;;;;;;;;;;;;;;;;;;;;;;;;;1;44260.0991;1;0;1
11.602.654/0001-01;2020-12-01;1;4435;3474010;1;0.9247;0.0753;0;0;0;0;0;0;0;0;0;0;0;0;0;0;0;0;0;0;0;0;0;0;0;0;0;0;0;0;0;0;0;0;0;0;0
11.664.201/0001-00;2020-12-01;1;83506;10000000;1;0.9405;0.0595;;;;;;;;;;;;;;;;;;;;;;;;;;;;;;;;;;;
11.701.400/0001-40;2020-12-01;1;2;865000;0.06503759;0.06503759;0;;;;;;2;3583000;0.26939849;0.26939849;0;;;;;;3;8852000;0.6655639;0;0.6655639;;;;;;;;;;;;;;;
11.728.688/0001-47;2020-05-01;1;188811;11882212;1;0.9725;0.0275;0;0;0;0;0;0;0;0;0;0;0;0;0;0;0;0;0;0;0;0;0;0;0;0;0;0;0;0;0;0;0;0;0;0;0
11.728.688/0001-47;2020-12-01;1;264024;18436967;1;0.9354;0.0646;0;0;0;0;0;0;0;0;0;0;0;0;0;0;0;0;0;0;0;0;0;0;0;0;0;0;0;0;0;0;0;0;0;0;0
11.769.604/0001-13;2020-12-01;3;5368;17083089;0.2495;0.2188;0.7812;1;3441400;0.0502;0;1;;;;;;;;;;;3;47957707;0.7003;0;1;;;;;;;;;;;;;;;
11.839.593/0001-09;2020-06-01;2;23871;2305992;0.681338844337762;0.55587219504441;0.125466649293352;3;706591;0.208772578291453;0.0770479902354882;0.131724588055965;1;371918;0.109888577370785;0;0.109888577370785;0;0;0;0;0;0;0;0;0;0;0;0;0;0;0;0;0;0;0;0;0;0;0;0;0
11.945.604/0001-27;2020-06-01;1;1126;94023;0.743129707642091;0.935685949182647;0.064314050817353;2;17500;0.138314772808106;0;1;1;15000;0.118555519549805;0;1;;;;;;;;;;;;;;;;;;;;;;;;;
12.005.956/0001-65;2020-06-01;1;201582;23600802;1;0.98;0.02;;;;;;;;;;;;;;;;;;;;;;;;;;;;;;;;;;;
12.323.955/0001-69;2020-12-01;1;;;;;;;;;;;;;;;;;;;;;;;;;;;;;;;;;;;;1;3591545;1;0;1
12.358.507/0001-09;2020-12-01;1;48;206395;0.515689532399715;1;0;7;193839;0.484310467600285;1;0;;;;;;;;;;;;;;;;;;;;;;;;;;;;;;
12.401.858/0001-47;2020-06-01;2;0;0;0;0;0;0;0;0;0;0;0;0;0;0;0;0;0;0;0;0;0;0;0;0;0;0;0;0;0;0;0;0;0;0;0;1;10;1;0;1
12.516.185/0001-70;2020-12-01;1;63083;12673868;1;0.7949;0.2051;;;;;;;;;;;;;;;;;;;;;;;;;;;;;;;;;;;
12.681.340/0001-04;2020-12-01;1;8663;1590000;1;0.9268;0.0732;;;;;;;;;;;;;;;;;;;;;;;;;;;;;;;;;;;
12.804.013/0001-00;2020-12-01;1;59;701060;0.4447;0.4447;0;7;875520;0.5553;0.5553;0;;;;;;;;;;;;;;;;;;;;;;;;;;;;;;
12.809.972/0001-00;2020-12-01;1;253;732231;0.4269;0.9552;0.0448;6;789459;0.4603;0.8457;0.1543;1;193510;0.1128;0;1;;;;;;;;;;;;;;;;;;;;;;;;;
12.811.222/0001-73;2020-12-01;1;;;;;;;;;;;;;;;;;;;;;;;;;;;;;;;;;;;;1;125512.222;1;0;1
12.887.506/0001-43;2020-12-01;1;574;39626;0.74;0.6257;0.1137;1;2961;0.055;0;0.0552;0;0;0;0;0;0;0;0;0;0;1;11010;0.205;0;0.2054;0;0;0;0;0;0;0;0;0;0;0;0;0;0;0
12.927.767/0001-40;2020-12-01;2;1;100000;0.0003;0;0.0003;0;0;0;0;0;0;0;0;0;0;0;0;0;0;0;0;0;0;0;0;0;0;0;0;0;0;0;0;0;0;1;290822157.28;0.9997;0;0.9997
12.948.291/0001-23;2020-12-01;1;4693;769791;0.844996;0.717703;0.127293;2;141209;0.155004;0;0.155004;;;;;;;;;;;;;;;;;;;;;;;;;;;;;;
12.969.125/0001-03;2020-12-01;1;0;0;0;0;0;0;0;0;0;0;0;0;0;0;0;0;0;0;0;0;0;0;0;0;0;0;0;0;0;0;0;0;0;0;0;1;467;1;0;1
12.978.943/0001-72;2020-06-01;1;42;158009.23552144;0.259;0.259;0;5;265460.46553945;0.4351;0.4351;0;1;64610.29893911;0.1059;0;0.1059;1;122020;0.2;0.2;0;;;;;;;;;;;;;;;;;;;;
12.989.974/0001-29;2020-12-01;1;0;0;0;0;0;0;0;0;0;0;0;0;0;0;0;0;0;0;0;0;0;0;0;0;0;0;0;0;0;0;0;0;0;0;0;1;4735662339.00747;1;0;1
13.000.836/0001-38;2020-06-01;1;27;5.1;0.2137;0;0;1;2.39;0.099635;0;0;;;;;;2;9.2;0.384288;0;0;1;7.24;0.302374;0;0;;;;;;;;;;;;;;;
13.020.465/0001-56;2020-12-01;1;0;0;0;0;0;0;0;0;0;0;0;0;0;0;0;0;0;0;0;0;0;0;0;0;0;0;0;0;0;0;0;0;0;0;0;1;297.7;1;0;1
13.022.994/0001-99;2020-12-01;1;54;59232;0.0752;0.0642;0.011;5;290535;0.369;0.2826;0.0864;;;;;;;;;;;1;200274;0.2544;0;0.2544;1;237215;0.3014;0;0.3014;;;;;;;;;;
13.125.823/0001-95;2020-12-01;1;;;;;;;;;;;;;;;;;;;;;;;;;;;;;;;;;;;;1;416.29489;1;0;1
13.320.290/0001-00;2020-12-01;1;;;;;;;;;;;;;;;;;;;;;;;;;;;;;;;;;;;;1;102444.63;1;0;1
13.371.132/0001-71;2020-12-01;1;43203;19296810;0.9292;0.9952;0.0048;1;1470518;0.0708;0.0708;0;0;0;0;0;0;0;0;0;0;0;0;0;0;0;0;0;0;0;0;0;0;0;0;0;0;0;0;0;0;0
13.464.208/0001-03;2020-12-01;1;66;31425;0.6812;0.6779;0.0033;1;3600;0.078;0.078;;2;11110;0.2408;;0.2408;;;;;;;;;;;;;;;;;;;;;;;;;
13.500.306/0001-59;2020-12-01;1;2838;101664;1;0.956;0.044;;;;;;;;;;;;;;;;;;;;;;;;;;;;;;;;;;;
13.551.286/0001-45;2020-12-01;1;3052;466233;0.158085383121392;0.146240668807777;0.0118447143136149;1;181475;0.0615326347597761;0;0.0615326347597761;0;0;0;0;0;0;0;0;0;0;0;0;0;0;0;0;0;0;0;0;0;0;0;0;0;1;2301540;0.780381982118832;0;0.780381982118832
13.555.918/0001-49;2020-12-01;1;32;35143.83;0.3578;0.0553;0.3025;3;23337.54;0.2376;0;0.2376;;;;;;1;18112.13;0.1844;0;0.1844;1;21628.48;0.2202;0;0.2202;;;;;;;;;;;;;;;
13.584.584/0001-31;2020-12-01;1;148;45508186;0.5318;0;0;2;13079899;0.1528;0;0;;;;;;;;;;;;;;;;1;26989212;0.3154;0;0;;;;;;;;;;
13.598.226/0001-88;2020-12-01;2;;;;;;;;;;;;;;;;;;;;;;;;;;;;;;;;;;;;1;84198.4;1;0;0
13.652.006/0001-95;2020-12-01;1;2858;566826;0.5258;0.4738;0.052;2;147757;0.1371;;0.1371;;;;;;;;;;;;;;;;1;363417;0.3371;0;0.3371;;;;;;;;;;
13.703.596/0001-38;2020-12-01;1;;;;;;;;;;;;;;;;;;;;;;;;;;;;;;;;;;;;1;1064.3855;1;0;1
13.726.079/0001-84;2020-12-01;2;;;;;;;;;;;;;;;;;;;;;;;;;;;;;;;2;214819.58348255;1;0;0;;;;;
13.842.683/0001-76;2020-12-01;1;4;4107.639198;0.1248;0;0;3;5863.1314288;0.1782;0;0;3;11115.15386424;0.3378;0;0;2;11822.62579907;0.3592;0;0;;;;;;;;;;;;;;;;;;;;
13.873.457/0001-52;2020-12-01;1;10451;1635910;0.91531;0.60795;0.30736;1;151371;0.08469;0;0.08469;;;;;;;;;;;;;;;;;;;;;;;;;;;;;;
13.920.018/0001-53;2020-12-01;1;21;17953.95419062;0.443295;0.2744;0.1689;2;4373.75933162;0.108;0.108;;1;4177.65281601;0.103149;0.1031;;2;13995.76477307;0.345564;0.1728;0.1728;;;;;;;;;;;;;;;;;;;;
13.966.653/0001-71;2020-12-01;1;2424;774416;0.525837765018388;0.472721371495619;0.0531163935227686;0;0;0;0;0;0;0;0;0;0;0;0;0;0;0;0;0;0;0;0;0;0;0;0;0;1;698312;0.474162234981612;0;0.474162234981612;0;0;0;0;0
13.974.819/0001-00;2020-12-01;1;5643;1929323;0.7776;0.56;0.2176;3;551961;0.2224;0;0.2224;;;;;;;;;;;;;;;;;;;;;;;;;;;;;;
14.056.001/0001-62;2020-06-01;1;71;22544804;0.4361;1;0;8;29155175;0.5639;1;0;;;;;;;;;;;;;;;;;;;;;;;;;;;;;;
14.069.202/0001-02;2020-12-01;1;24;27263.1414;0.239;0.0016;0.2374;2;14770.71653;0.1295;0;0.1295;1;14915.31459;0.1308;0;0.1308;;;;;;;;;;;;;;;;;;;;;1;57105.14286;0.5007;0;0.5007
14.074.706/0001-02;2020-12-01;1;25;3481236.42;0.0945;0.0079;0.0866;1;3098116.23;0.0841;;0.0841;2;9235407.11;0.2507;;0.2507;1;7220342.21;0.196;;0.196;;;;;;1;13803378.71;0.3747;;0.3747;;;;;;;;;;
14.074.721/0001-50;2020-12-01;2;1;10000;0.189;0;0.189;;;;;;;;;;;;;;;;;;;;;;;;;;;;;;;1;42918.7;0.811;0;0.811
14.080.689/0001-16;2020-06-01;1;775;236977;0.2766;0.8333;0.1367;8;690327;0.7234;0.8986;0.1014;;;;;;;;;;;;;;;;;;;;;;;;;;;;;;
14.088.246/0001-71;2020-12-01;1;;;;;;;;;;;;;;;;;;;;;;;;;;;;;;;;;;;;1;230.69976;1;0;0
14.149.745/0001-21;2020-12-01;1;1;1000;0;;0;;;;;;;;;;;;;;;;;;;;;;;;;;1;623046661.029232;0.4757;;0.4757;1;686690000;0.5243;;0.5243
14.217.108/0001-45;2020-12-01;1;17274;588654;0.8593;0.767;0.0923;;;;;;1;96346;0.1407;;0.1407;;;;;;;;;;;;;;;;;;;;;;;;;
14.365.190/0001-55;2020-12-01;1;;;;;;;;;;;;;;;;;;;;;;;;;;;;;;;;;;;;1;52811.3425;1;;1
14.376.247/0001-11;2020-12-01;1;1781;772011;0.773244324697893;0.636527260981265;0.136717063716628;1;71133;0.0712466383882292;0;0.0712466383882292;0;0;0;0;0;1;155261;0.155509036913878;0;0.155509036913878;0;0;0;0;0;0;0;0;0;0;0;0;0;0;0;0;0;0;0;0
14.410.722/0001-29;2020-06-01;1;70133;15919690;1;0.92;0.08;;;;;;;;;;;;;;;;;;;;;;;;;;;;;;;;;;;
14.413.342/0001-48;2020-12-01;1;;;;;;;;;;;;;;;;;;;;;4;25944;1;0;1;;;;;;;;;;;;;;;
14.423.780/0001-97;2020-06-01;1;6265;16195895;0.87;0.84;0.03;2;2351266;0.13;0;0.13;;;;;;;;;;;;;;;;;;;;;;;;;;;;;;
14.465.810/0001-28;2020-06-01;1;;;;;;;;;;;;;;;;;;;;;1;12522387.21;0.2203;0;0;;;;;;;;;;;1;44320966.37;0.7797;0;0
14.609.653/0001-87;2020-12-01;1;19;24570.2;0.300003;0;0;7;32887.98;0.401562;0;0;1;8230;0.100488;0;0;1;16211.82;0.197947;0;0;;;;;;;;;;;;;;;;;;;;
14.631.148/0001-39;2020-06-01;1;29;44575458.51;0.633;0;1;3;13720261.97;0.1948;0;1;0;0;0;0;0;1;12128083.22;0.1722;0;1;;;;;;;;;;;;;;;;;;;;
14.721.889/0001-00;2020-12-01;1;49;4292958;0.5353;1;0;8;3726863;0.4647;1;0;0;0;0;0;0;0;0;0;0;0;0;0;0;0;0;0;0;0;0;0;0;0;0;0;0;0;0;0;0;0
14.733.211/0001-48;2020-12-01;1;207;77184;0.202;0.9012;0.0988;;;;;;;;;;;;;;;;;;;;;;;;;;;;;;;1;304833;0.798;;1
14.788.458/0001-61;2020-06-01;2;0;0;0;0;0;0;0;0;0;0;0;0;0;0;0;0;0;0;0;0;0;0;0;0;0;0;0;0;0;0;0;0;0;0;0;1;517537;1;0;1
14.788.492/0001-36;2020-06-01;2;54;2700;0.000747557149359703;0.000747557149359703;0;4;986704;0.273191714630303;0.273191714630303;0;0;0;0;0;0;0;0;0;0;0;0;0;0;0;0;0;0;0;0;0;0;0;0;0;0;1;2622360;0.726060728220338;0;0.726060728220338
14.793.782/0001-78;2020-12-01;1;2046;348587;0.4698;0.9574;0.0426;2;88510;0.1193;0;1;1;77455;0.1044;0;1;;;;;;;;;;;1;227448;0.3065;0;1;;;;;;;;;;
14.879.856/0001-93;2020-12-01;1;5857;1344194;0.5328;0.4861;0.0467;1;210628;0.0835;0;0.0835;1;320839;0.1272;0;0.1272;0;0;0;0;0;1;647307;0.2566;0;0.2566;0;0;0;0;0;0;0;0;0;0;0;0;0;0;0
15.006.267/0001-63;2020-12-01;1;5493;1272705;0.709994159181549;0.628151294491612;0.0818428646899373;1;112408;0.0627081872431393;0;0.0627081872431393;0;0;0;0;0;0;0;0;0;0;1;407444;0.227297653575312;0;0.227297653575312;0;0;0;0;0;0;0;0;0;0;0;0;0;0;0
15.006.286/0001-90;2020-12-01;1;15249;2676000;1;0.94611846038864;0.0538815396113602;;;;;;;;;;;;;;;;;;;;;;;;;;;;;;;;;;;
15.098.422/0001-19;2020-12-01;1;44;83104;0.0616;0.0616;0;9;1131656;0.8384;0.8384;0;1;134990;0.1;0.1;0;0;0;0;0;0;0;0;0;0;0;0;0;0;0;0;0;0;0;0;0;0;0;0;0;0
15.254.249/0001-09;2020-12-01;1;0;0;0;0;0;0;0;0;0;0;0;0;0;0;0;0;0;0;0;0;0;0;0;0;0;1;41069801.0387;0.38663;0;0.38663;0;0;0;0;0;1;65155198.9612;0.61337;0;0.61337
15.296.696/0001-12;2020-12-01;1;5424;1546967;0.86673169;0.71400269;0.152729;;;;;;1;237861;0.1332683;;0.1332683;;;;;;;;;;;;;;;;;;;;;;;;;
15.333.306/0001-37;2020-12-01;1;7597;2393809;0.627957623906266;0.482224679339621;0.145732944566645;2;608822;0.15970965791417;0.0667485122853684;0.0929611456288013;2;809424;0.212332718179565;0;0.212332718179565;0;0;0;0;0;0;0;0;0;0;0;0;0;0;0;0;0;0;0;0;0;0;0;0;0
15.348.117/0001-38;2020-12-01;1;;;;;;;;;;;;;;;;;;;;;;;;;;3;1000;1;;1;;;;;;;;;;
15.394.563/0001-89;2020-12-01;1;856;74559;0.694;0.857348703170029;0.141210374639769;1;7425;0.0691;0;1;0;0;0;0;0;0;0;0;0;0;1;25497;0.237;0;1;0;0;0;0;0;0;0;0;0;0;0;0;0;0;0
15.447.108/0001-02;2020-12-01;1;0;0;0;0;0;0;0;0;0;0;0;0;0;0;0;0;0;0;0;0;0;0;0;0;0;0;0;0;0;0;0;0;0;0;0;1;1089450000;1;0;1
15.447.110/0001-73;2020-12-01;1;0;0;0;0;0;0;0;0;0;0;0;0;0;0;0;0;0;0;0;0;0;0;0;0;0;0;0;0;0;0;0;0;0;0;0;1;432488772;1;0;1
15.461.076/0001-91;2020-12-01;1;5;198096;0.1077;;1;1;153809;0.0835;;1;2;390470;0.212;;1;2;599296;0.3254;;1;1;500000;0.2714;;1;;;;;;;;;;;;;;;
15.538.445/0001-05;2020-12-01;1;16877;1798000;1;0.9925;0.0075;;;;;;;;;;;;;;;;;;;;;;;;;;;;;;;;;;;
15.570.431/0001-60;2020-12-01;1;3332;520085;0.74;0.3848;0.3552;2;91436;0.13;0;0.13;1;88479;0.13;0;0.13;;;;;;;;;;;;;;;;;;;;;;;;;
15.576.907/0001-70;2020-12-01;1;36696;9758367;0.912514490695646;0.81345270166617;0.18654729833383;1;935564;0.087485509304296;0;1;;;;;;;;;;;;;;;;;;;;;;;;;;;;;;
15.769.670/0001-44;2020-12-01;1;;;;;;;;;;;;;;;;;;;;;;;;;;;;;;;;;;;;18;295198;0.5723;0.646;0.354
15.799.397/0001-09;2020-12-01;1;7289;1030502;0.5676;0.5064;0.0611;0;0;0;0;0;1;231698;0.1276;0;0.1276;0;0;0;0;0;0;0;0;0;0;1;553496;0.3048;0;0.3048;0;0;0;0;0;0;0;0;0;0
16.543.270/0001-89;2020-12-01;1;21;575979.94;0.537;0;0.537;2;158850.33;0.1481;0;0.1481;1;158850.33;0.1481;0;0.1481;1;178907.74;0.1668;0;0.1668;;;;;;;;;;;;;;;;;;;;
16.671.412/0001-93;2020-12-01;1;44094;4517510;0.947047231714033;0.829394142680247;0.117653089033773;1;252590;0.0529527682857802;;0.0529527682857802;;;;;;;;;;;;;;;;;;;;;;;;;;;;;;
16.706.958/0001-32;2020-01-01;1;63392;39097087;1;0.96;0.04;0;0;0;0;0;0;0;0;0;0;0;0;0;0;0;0;0;0;0;0;0;0;0;0;0;0;0;0;0;0;0;0;0;0;0
16.706.958/0001-32;2020-06-01;1;66864;39097087;1;0.93;0.07;;;;;;;;;;;;;;;;;;;;;;;;;;;;;;;;;;;
16.802.320/0001-03;2020-12-01;1;18404;2414570;1;0.9979;0.0021;;;;;;;;;;;;;;;;;;;;;;;;;;;;;;;;;;;
16.841.067/0001-99;2020-12-01;1;44;3107;0.1182;0;0;2;3420;0.13;0;0;;;;0;0;;;;0;0;2;11764;0.4475;0;0;1;8000;0.3043;0;0;;;;0;0;;;;0;0
16.915.868/0001-51;2020-12-01;1;3109;801823;0.6393;0.4899;0.1494;3;270722;0.2159;0;0.2159;1;181619;0.1448;0;0.1448;0;0;0;0;0;0;0;0;0;0;0;0;0;0;0;0;0;0;0;0;0;0;0;0;0
16.915.968/0001-88;2020-12-01;1;26342;2887144;1;0.9754;0.0246;;;;;;;;;;;;;;;;;;;;;;;;;;;;;;;;;;;
16.924.913/0001-34;2020-06-01;1;54;69803100;0.83;0.815;0.015;2;14296900;0.17;0.17;0;;;;;;;;;;;;;;;;;;;;;;;;;;;;;;
16.929.519/0001-99;2020-12-01;1;1029;4066815;0.536;0.9758;0.0242;5;2536339;0.3343;0.8447;0.1553;1;983971;0.1297;1;;;;;;;;;;;;;;;;;;;;;;;;;;
17.007.443/0001-07;2020-06-01;1;60;11615;0.6413;0.6413;;6;6498;0.3587;0.3587;;;;;;;;;;;;;;;;;;;;;;;;;;;;;;;
17.007.528/0001-95;2020-06-01;1;52;18662.26560001;0.358889723077046;0.304750000000134;0.0541397230769127;3;14672;0.282153846153792;0.282153846153792;0;1;7184.7344;0.138167969230743;0.138167969230743;0;;;;;;1;11481;0.220788461538419;0.220788461538419;0;;;;;;;;;;;;;;;
17.025.970/0001-44;2020-12-01;1;2377;10082434;0.243;0.243;;10;31412099;0.757;0.757;;;;;;;;;;;;;;;;;;;;;;;;;;;;;;;
17.035.124/0001-05;2020-06-01;1;1;65095;0.0148;0.0148;0;;;;;;;;;;;;;;;;;;;;;;;;;;;;;;;1;4344895;0.9852;0;0.9852
17.098.794/0001-70;2020-12-01;2;2691;1145760;0.727;0.1641;0.5629;2;230000;0.146;0;0.146;1;200000;0.127;0;0.127;0;0;0;0;0;0;0;0;0;0;0;0;0;0;0;0;0;0;0;0;0;0;0;0;0
17.144.039/0001-85;2020-12-01;1;3892;602288;0.4256;0.3509;0.0747;2;187227;0.1323;0;0.1323;1;189653;0.134;0;0.134;0;0;0;0;0;0;0;0;0;0;1;435832;0.308;0;0.308;0;0;0;0;0;0;0;0;0;0
17.156.502/0001-09;2020-12-01;1;6480;1719636;0.87;0.92;0.08;2;253209;0.13;0;1;;;;;;;;;;;;;;;;;;;;;;;;;;;;;;
17.161.979/0001-82;2020-12-01;1;48;792960;0.8006;0.8005;0.0001;2;197540;0.1994;0.1994;0;;;;;;;;;;;;;;;;;;;;;;;;;;;;;;
17.198.404/0001-34;2020-12-01;1;;;;;;;;;;;;;;;;;;;;;;;;;;;;;;;;;;;;1;15.987120728;1;;1
17.198.500/0001-82;2020-12-01;1;0;0;0;0;0;0;0;0;0;0;0;0;0;0;0;0;0;0;0;0;0;0;0;0;0;0;0;0;0;0;0;0;0;0;0;1;88267;1;0;1
17.209.378/0001-00;2020-06-01;1;138;106178;0.85556629;0.82488;0.030675;2;17926;0.1444;0.1444;0;;;;;;;;;;;;;;;;;;;;;;;;;;;;;;
17.211.882/0001-37;2020-12-01;1;1;1000;0.05;0;0;1;2000;0.1;0;0;;;;;;;;;;;;;;;;1;7325;0.36625;0;0;1;9675;0.48375;0;0;;;;;
17.216.625/0001-98;2020-06-01;1;76;35592;0.6471;0.6071;0.04;;;;;;;;;;;;;;;;;;;;;1;19408;0.3529;;0.3529;;;;;;;;;;
17.282.011/0001-04;2020-12-01;1;0;0;0;0;0;0;0;0;0;0;0;0;0;0;0;0;0;0;0;0;0;0;0;0;0;0;0;0;0;0;0;0;0;0;0;1;375129;1;0;1
17.308.805/0001-08;2020-12-01;1;0;0;0;0;0;0;0;0;0;0;0;0;0;0;0;0;0;0;0;0;0;0;0;0;0;0;0;0;0;0;0;0;0;0;0;1;164630;1;0;1
17.311.079/0001-74;2020-12-01;1;53;169642;0.1187;0.1182;0.0005;2;226875;0.1587;;0.1587;4;678266;0.4744;;0.4744;;;;;;1;354957;0.2483;;0.2483;;;;;;;;;;;;;;;
17.324.357/0001-28;2020-12-01;1;16793;4488687;1;0.9233;0.0767;;;;;;;;;;;;;;;;;;;;;;;;;;;;;;;;;;;
17.329.029/0001-14;2020-01-01;2;1836;287090;78.482992;74.649739;3.833252;0;0;0;0;0;0;0;0;0;0;0;0;0;0;0;1;78709;21.517007;0;21.517007;0;0;0;0;0;0;0;0;0;0;0;0;0;0;0
17.329.029/0001-14;2020-12-01;1;14664;2580616;0.9427;0.8535;0.0892;1;156898;0.0573;0;0.0573;;;;;;;;;;;;;;;;;;;;;;;;;;;;;;
17.365.105/0001-47;2020-12-01;1;9154;5394964;0.5368;0.3412;0.1956;2;1772317;0.1763;0.0995;0.0768;1;1117814;0.1112;0;0.1112;1;1764905;0.1756;0;0.1756;0;0;0;0;0;0;0;0;0;0;0;0;0;0;0;0;0;0;0;0
17.374.696/0001-19;2020-12-01;3;1156;129075;0.5282;0.2081;0.3201;;;;;;1;35000;0.1432;;0.1432;;;;;;;;;;;1;80305;0.3286;;0.3286;;;;;;;;;;
17.554.274/0001-25;2020-12-01;1;181681;14270995;1;0.8408;0.1592;;;;;;;;;;;;;;;;;;;;;;;;;;;;;;;;;;;
17.568.605/0001-86;2020-12-01;1;0;0;0;0;0;0;0;0;0;0;0;0;0;0;0;0;0;0;0;0;0;0;0;0;0;0;0;0;0;0;0;0;0;0;0;1;263055927;1;0;1
17.590.518/0001-25;2020-12-01;1;18078;2311025;0.8109;0.8561;0.1439;3;538975;0.1891;0;1;;;;;;;;;;;;;;;;;;;;;;;;;;;;;;
17.655.102/0001-48;2020-12-01;1;;;;;;;;;;;;;;;;;;;;;;;;;;;;;;;;;;;;1;29.8188999;1;0;1
17.655.115/0001-17;2020-12-01;1;;;;;;;;;;;;;;;;1;26567.6842342;0.2;;0.2;;;;;;;;;;;;;;;;1;106270.73693244;0.8;;0.8
17.655.122/0001-19;2020-12-01;1;;;;;;;;;;;;;;;;;;;;;;;;;;;;;;;;;;;;1;16.80259128;1;0;0
17.786.606/0001-05;2020-12-01;1;;;;;;;;;;;;;;;;;;;;;;;;;;;;;;;;;;;;1;18848.02189804;1;1;
17.854.016/0001-64;2020-12-01;1;2303;4681180;0.49732965;0.45157835;0.04575129;1;893580;0.9493414;0.9493414;0;2;2308970;0.2453055;0;0.2453055;1;1528900;0.16243069;0;0.16243069;;;;;;;;;;;;;;;;;;;;
17.870.926/0001-30;2020-12-01;1;337;92941;0.1123;0.79786286731968;0.237756010685663;0;0;0;0;0;0;0;0;0;0;1;144000;0.1739;0;1;0;0;0;0;0;2;590972;0.7138;0;2;0;0;0;0;0;0;0;0;0;0
18.085.673/0001-57;2020-12-01;1;1623;398699;0.698150343472619;0.665195183153294;0.0329551603193253;0;0;0;0;0;0;0;0;0;0;0;0;0;0;0;0;0;0;0;0;1;172380;0.301849656527381;0;0.301849656527381;0;0;0;0;0;0;0;0;0;0
18.259.637/0001-62;2020-06-01;1;;;;;;1;10;0.0538;0.0538;0;1;23;0.1238;0;0.1238;;;;;;1;55;0.296;0;0.296;;;;;;;;;;;1;97.8;0.5264;0;0.5264
18.265.829/0001-81;2020-12-01;1;3;101.32;0.0982;0.0982;0;2;192.3;0.1866;0.1866;0;;;;;;;;;;;;;;;;;;;;;;;;;;1;737.12;0.7152;0.7152;0
18.289.950/0001-43;2020-12-01;1;;;;;;;;;;;;;;;;;;;;;;;;;;;;;;;;;;;;1;62623089.9565258;1;0;1
18.307.582/0001-19;2020-12-01;1;62620;16295798;0.7563;0.8431;0.1569;3;5251202;0.2437;0.6781;0.3219;;;;;;;;;;;;;;;;;;;;;;;;;;;;;;
18.308.516/0001-63;2020-12-01;1;1595;2736596;0.7193;0.9862;0.0138;2;401046;0.1054;0.5156;0.4844;;;;;1;1;667000;0.1753;1;0;;;;;;;;;;;;;;;;;;;;
18.311.024/0001-27;2020-12-01;1;;;;;;;;;;;;;;;;;;;;;;;;;;;;;;;;;;;;1;11270;1;0;1
18.330.535/0001-96;2020-12-01;1;0;0;0;0;0;0;0;0;0;0;0;0;0;0;0;0;0;0;0;0;0;0;0;0;0;0;0;0;0;0;0;0;0;0;0;1;474468.0348389;1;0;1
18.369.510/0001-04;2020-06-01;2;1;10185.3462287;0.012419;0;0;;;;;;;;;;;1;143507.6440948;0.174985;0;0;1;166419.771;0.202923;0;0;;;;;;;;;;;1;500000;0.609672;0;0
18.497.672/0001-10;2020-12-01;1;2;3420996.02;0.0597;0;0.0597;3;14230664.59;0.2485;0;0.2485;1;5994001.6;0.1047;0;0.1047;0;0;0;0;0;1;16323208.28;0.2851;0;0.2851;1;17293500.52;0.302;0;0.302;0;0;0;0;0;0;0;0;0;0
18.730.914/0001-73;2020-06-01;1;;;;;;;;;;;;;;;;;;;;;;;;;;;;;;;;;;;;1;55.09;1;0;0
18.874.954/0001-99;2020-12-01;1;;;;;;;;;;;;;;;;;;;;;;;;;;;;;;;;;;;;1;0.5849;1;0;1
18.874.965/0001-79;2020-12-01;1;45;57940;0.3475;1;0;7;108810;0.6525;1;0;;;;;;;;;;;;;;;;;;;;;;;;;;;;;;
18.929.353/0001-36;2020-12-01;1;;;;;;;;;;;;;;;;;;;;;;;;;;;;;;;2;43292.49;1;0;1;;;;;
18.950.957/0001-64;2020-12-01;1;;;;;;;;;;;;;;;;;;;;;;;;;;;;;;;;;;;;1;156343;1;0;1
18.979.895/0001-13;2020-06-01;2;25874;7327386;0.944998612948727;0.809397746335083;0.135600866613644;1;426473;0.0550013870512734;0;0.0550013870512734;0;0;0;0;0;0;0;0;0;0;0;0;0;0;0;0;0;0;0;0;0;0;0;0;0;0;0;0;0;0
19.026.454/0001-60;2020-12-01;1;;;;;;;;;;;;;;;;;;;;;;;;;;;;;;;;;;;;1;102475.02575793;1;0;1
19.107.604/0001-60;2020-12-01;1;;;;;;3;60000;0.2069;0;0.2069;2;80000;0.2759;0;0.2759;1;50000;0.172414;0;0.1724;;;;;;1;100000;0.344828;0;0.3448;;;;;;;;;;
19.131.224/0001-60;2020-12-01;1;;;;;;;;;;;;;;;;;;;;;;;;;;;;;;;;;;;;1;1068.13163403;1;0;1
19.213.231/0001-01;2020-12-01;1;;;;;;;;;;;;;;;;;;;;;;;;;;;;;;;;;;;;1;130250.4;100;100;
19.239.245/0001-02;2020-12-01;1;;;;;;;;;;;;;;;;;;;;;;;;;;;;;;;;;;;;1;436312;1;0;1
19.249.956/0001-50;2020-06-01;1;47;48;0.0033;0.6041667;0.3958333;5;7031.5;0.49;1;0;;;;;;;;;;;;;;;;;;;;;;;;;;1;7270.5;0.5066551;0;1
19.249.989/0001-08;2020-06-01;1;98;26819;0.705299145299145;0.794101196912637;0.205898803087364;3;7286;0.191610782380013;0.686247598133407;0.313752401866593;1;3920;0.103090072320842;0;1;;;;;;;;;;;;;;;;;;;;;;;;;
19.267.845/0001-76;2020-12-01;1;;;;;;;;;;;;;;;;;;;;;;;;;;;;;;;;;;;;1;27890.38;1;0;1
19.419.994/0001-03;2020-12-01;1;;;;;;;;;;;;;;;;;;;;;;;;;;;;;;;;;;;;1;1506194;1;0;1
19.442.626/0001-86;2020-12-01;1;;;;;;;;;;;;;;;;;;;;;;;;;;;;;;;;;;;;1;187470;1;;1
19.628.741/0001-40;2020-12-01;1;0;0;0;0;0;0;0;0;0;0;0;0;0;0;0;0;0;0;0;0;0;0;0;0;0;0;0;0;0;0;0;0;0;0;0;1;303214000;1;0;1
19.722.048/0001-31;2020-12-01;1;88;661733;0.1;0;0.1;2;147776;0.1;0;0.1;1;914535;0.1;0;0.1;;;;;;;;;;;;;;;;265;1020131.918;0.1;0;0.1;2;1187273;0.9;0;0.9
19.872.887/0001-36;2020-06-01;1;20;40000;0.1081;0.0857;0.0224;1;30000;0.0811;0;0.0811;2;90000;0.2432;0;0.2432;0;0;0;0;0;0;0;0;0;0;0;0;0;0;0;1;210000;0.5676;0;0.5676;;;;;
19.872.996/0001-53;2020-12-01;1;;;;;;;;;;;;;;;;;;;;;;;;;;;;;;;;;;;;1;91195902.32;1;0;1
19.878.616/0001-98;2020-12-01;1;;;;;;;;;;;;;;;;;;;;;;;;;;;;;;;;;;;;1;251869767;1;0;1
19.959.754/0001-00;2020-12-01;1;;;;;;;;;;;;;;;;;;;;;;;;;;;;;;;;;;;;1;9103.05606227;1;1;
20.003.001/0001-05;2020-06-01;2;0;0;0;0;0;0;0;0;0;0;0;0;0;0;0;0;0;0;0;0;0;0;0;0;0;0;0;0;0;0;0;0;0;0;0;1;25288;1;0;1
20.019.120/0001-48;2020-06-01;2;0;0;0;0;0;0;0;0;0;0;0;0;0;0;0;0;0;0;0;0;0;0;0;0;0;0;0;0;0;0;0;0;0;0;0;1;1124907;1;0;1
20.040.197/0001-08;2020-12-01;1;;;;;;;;;;;;;;;;;;;;;;;;;;;;;;;;;;;;1;78540000;1;0;1
20.118.470/0001-61;2020-12-01;1;;;;;;1;473.06878222;0.088;;1;;;;;;;;;;;;;;;;;;;;;;;;;;1;4901.02922023;0.912;;1
20.118.492/0001-21;2020-12-01;1;47;1204800;0.3012;0.3012;;7;2795200;0.6988;0.6988;;;;;;;;;;;;;;;;;;;;;;;;;;;;;;;
20.118.507/0001-51;2020-12-01;1;;;;;;;;;;;;;;;;;;;;;;;;;;;;;;;;;;;;1;28897.74017988;1;0;1
20.132.453/0001-89;2020-06-01;1;1;366007.13;0.0424;0;1;;;;;;;;;;;;;;;;;;;;;;;;;;;;;;;17;8262002.08;0.9576;1;0
20.216.935/0001-17;2020-12-01;1;13828;2900973;0.78;0.99;0.01;3;818065;0.22;1;0;0;0;0;0;0;0;0;0;0;0;0;0;0;0;0;0;0;0;0;0;0;0;0;0;0;0;0;0;0;0
20.265.467/0001-70;2020-12-01;1;39;98;0.000452;0.000453;0;11;216606;0.999548;0.999547;0;;;;;;;;;;;;;;;;;;;;;;;;;;;;;;
20.680.775/0001-62;2020-12-01;1;0;0;0;0;0;0;0;0;0;0;0;0;0;0;0;0;0;0;0;0;0;0;0;0;0;0;0;0;0;0;0;0;0;0;0;1;916035;1;0;1
20.716.161/0001-93;2020-12-01;1;14;393000;0.3797;0;1;3;237000;0.229;0;1;2;225000;0.2174;0;1;1;180000;0.1739;0;1;;;;;;;;;;;;;;;;;;;;
20.717.355/0001-03;2020-12-01;1;0;0;0;0;0;0;0;0;0;0;0;0;0;0;0;0;0;0;0;0;0;0;0;0;0;0;0;0;0;0;0;0;0;0;0;1;66857.6331681;1;0;1
20.748.515/0001-81;2020-12-01;1;21382;11679182;0.790267;0.427554;0.362713;1;770548;0.052139;0;0.052139;;;;;;1;2329051;0.157594;0;0.157594;;;;;;;;;;;;;;;;;;;;
20.787.427/0001-99;2020-12-01;1;0;0;0;0;0;0;0;0;0;0;0;0;0;0;0;0;0;0;0;0;0;0;0;0;0;0;0;0;0;0;0;0;0;0;0;1;22193;1;0;1
20.990.694/0001-69;2020-06-01;1;1;2973.51;0.016141;0;0;2;23566.68;0.127923;0;0;;;;;;;;;;;4;157685.63;0.855936;0;0;;;;;;;;;;;;;;;
21.044.600/0001-21;2020-12-01;1;;;;;;;;;;;;;;;;;;;;;;;;;;;;;;;;;;;;1;290062066.22;1;0;1
21.067.825/0001-01;2020-12-01;1;;;;;;;;;;;;;;;;;;;;;;;;;;;;;;;;;;;;1;176611475.23;1;0;1
21.085.472/0001-64;2020-12-01;1;;;;;;;;;;;;;;;;;;;;;;;;;;;;;;;;;;;;1;84400000;1;0;1
21.085.863/0001-89;2020-12-01;1;;;;;;;;;;;;;;;;;;;;;;;;;;;;;;;;;;;;1;191100000;1;0;1
21.085.888/0001-82;2020-12-01;1;;;;;;;;;;;;;;;;;;;;;;;;;;;;;;;;;;;;1;14500000;1;0;1
21.126.204/0001-43;2020-12-01;1;69;625540;1;0.9863;0.0137;0;0;0;0;0;0;0;0;0;0;0;0;0;0;0;0;0;0;0;0;0;0;0;0;0;0;0;0;0;0;0;0;0;0;0
21.156.164/0001-82;2020-12-01;1;;;;;;;;;;;;;;;;;;;;;;;;;;;;;;;;;;;;1;820.10581339;1;0;1
21.398.200/0001-14;2020-12-01;1;3;24649.82175;0.0421;0.0021;0.04;3;227617.436946;0.3889;0.0726;0.3163;0;0;0;0;0;1;102708;0.1755;0;0.1755;0;0;0;0;0;1;230243.422029;0.3934;0;0.3934;;;;;;;;;;
21.408.063/0001-51;2020-12-01;1;65697;8552711.9380769;1;0.8627;0.1373;;;;;;;;;;;;;;;;;;;;;;;;;;;;;;;;;;;
21.500.481/0001-74;2020-12-01;1;0;0;0;0;0;0;0;0;0;0;0;0;0;0;0;0;0;0;0;0;0;0;0;0;0;0;0;0;0;0;0;0;0;0;0;1;650000;1;0;1
21.500.514/0001-86;2020-06-01;1;0;0;0;0;0;0;0;0;0;0;0;0;0;0;0;0;0;0;0;0;0;0;0;0;0;0;0;0;0;0;0;0;0;0;0;1;1780984;1;0;1
21.826.249/0001-20;2020-12-01;1;149;34305.9823736;0.555555555555556;0.506172839506172;0.0493827160493827;1;3811.78017;0.0617283950617283;0.0617283950617283;0;;;;;;;;;;;;;;;;1;23633.03707;0.382716049382715;0;0.382716049382715;;;;;;;;;;
21.917.235/0001-12;2020-12-01;1;;;;;;;;;;;;;;;;;;;;;;;;;;;;;;;;;;;;1;133254.7;1;0;1
22.003.469/0001-17;2020-12-01;1;2;0.62499443;0.037;0.037;;;;;;;4;7.82241055;0.4637;0.3207;0.143;;;;;;;;;;;;;;;;1;8.42252511;0.4993;;0.4993;;;;;
22.044.621/0001-00;2020-06-01;1;;;;;;;;;;;;;;;;;;;;;;;;;;;;;;;;;;;;1;1;1;0;1
22.081.808/0001-83;2020-12-01;1;;;;;;;;;;;;;;;;;;;;;;;;;;;;;;;;;;;;1;1635.77031094;1;;1
22.103.617/0001-75;2020-06-01;1;;;;;;;;;;;;;;;;;;;;;;;;;;;;;;;;;;;;3;84969815.76;1;0;1
22.104.821/0001-00;2020-06-01;1;;;;;;;;;;;;;;;;;;;;;;;;;;;;;;;;;;;;1;30054803.03;1;;1
22.169.671/0001-13;2020-12-01;1;43;21032;0.334;0.334;0;8;41851;0.6654;0.5893;0.0761;;;;;;;;;;;;;;;;;;;;;;;;;;;;;;
22.169.716/0001-50;2020-12-01;1;35;18056.5;0.2715;0.1576;0.1139;1;5390;0.081;;0.081;2;17325;0.2603;;0.2603;1;10395;0.1562;0.1562;;1;15400;0.231;;0.231;;;;;;;;;;;;;;;
22.211.522/0001-75;2020-12-01;2;0;0;0;0;0;0;0;0;0;0;0;0;0;0;0;0;0;0;0;0;0;0;0;0;0;0;0;0;0;0;0;0;0;0;0;1;180;1;0;1
22.219.335/0001-38;2020-12-01;1;38825;3375787;0.9377;0.9224;0.0152;1;224213;0.0622;0;0.0622;;;;;;;;;;;;;;;;;;;;;;;;;;;;;;
22.340.978/0001-35;2020-12-01;2;;;;;;;;;;;;;;;;;;;;;;;;;;3;72.27704048;1;0;0;;;;;;;;;;
22.459.737/0001-00;2020-06-01;2;8;430249;0.2905;0;0.2905;1;140557;0.0949;0;0.0949;0;0;0;0;0;0;0;0;0;0;1;327273;0.2209;0;0.2209;1;583187;0.3937;0;0.3937;0;0;0;0;0;0;0;0;0;0
22.646.161/0001-90;2020-12-01;1;5;34152.39;0.1042;0;0.1042;1;27835;0.0849;0;0.0849;0;0;0;0;0;0;0;0;0;0;0;0;0;0;0;1;108917.09;0.3322;0;0.3322;1;156987.15;0.4788;0;0.4788;0;0;0;0;0
22.862.226/0001-34;2020-12-01;1;0;0;0;0;0;1;16300;0.1;0;0.1;0;0;0;0;0;0;0;0;0;0;0;0;0;0;0;0;0;0;0;0;0;0;0;0;0;1;146700;0.9;0;0.9
22.957.521/0001-74;2020-12-01;1;7;9432146.63;0.1721;0.068;0.931034482758621;2;6173172.7;0.1126;;1;;;;;;;;;;;;;;;;2;39212580.64;0.7153;;1;;;;;;;;;;
23.120.006/0001-06;2020-12-01;2;68;825356;0.392;1;0;;;;;;;;;;;;;;;;;;;;;2;1280000;0.608;0;1;;;;;;;;;;
23.120.027/0001-13;2020-12-01;1;779;865580;0.803;0.955666251556662;0.0442092154420922;0;0;0;0;0;0;0;0;0;0;1;212462;0.197;0;1;0;0;0;0;0;0;0;0;0;0;0;0;0;0;0;0;0;0;0;0
23.120.098/0001-16;2020-12-01;1;38;33139;0.0151;1;0;12;2157469;0.9849;1;0;;;;;;;;;;;;;;;;;;;;;;;;;;;;;;
23.179.381/0001-13;2020-12-01;1;;;;;;;;;;;;;;;;;;;;;;;;;;;;;;;;;;;;1;88300;1;;1
23.426.470/0001-17;2020-12-01;1;;;;;;;;;;;;;;;;;;;;;;;;;;;;;;;;;;;;1;2248545.74566;1;0;1
23.532.837/0001-87;2020-12-01;1;;;;;;;;;;;;;;;;;;;;;;;;;;1;43154452.043;0.3;0;1;;;;;;1;100693721.427;0.7;0;1
23.533.796/0001-43;2020-12-01;1;;;;;;;;;;;;;;;;;;;;;;;;;;1;19707437.883;0.3;0;1;;;;;;1;45984021.717;0.7;0;1
23.537.203/0001-17;2020-12-01;1;0;0;0;0;0;0;0;0;0;0;0;0;0;0;0;0;0;0;0;0;0;0;0;0;0;0;0;0;0;0;0;0;0;0;0;1;77850000;1;0;1
23.538.112/0001-04;2020-12-01;1;;;;;;;;;;;;;;;;;;;;;;;;;;;;;;;;;;;;1;34550000;1;0;1
23.570.871/0001-46;2020-12-01;1;;;;;;;;;;;;;;;;;;;;;;;;;;;;;;;;;;;;1;468497662.19;1;0;1
23.582.914/0001-03;2020-12-01;1;0;0;0;0;0;0;0;0;0;0;0;0;0;0;0;0;0;0;0;0;0;0;0;0;0;0;0;0;0;0;0;0;0;0;0;1;46604055;1;0;1
23.648.935/0001-84;2020-06-01;2;9455;5083882;0.702521133815833;0.52522577859154;0.177295355224293;2;1143163;0.157969080890609;0;0.157969080890609;1;1009580;0.139509785293559;0;0.139509785293559;0;0;0;0;0;0;0;0;0;0;0;0;0;0;0;0;0;0;0;0;0;0;0;0;0
23.740.527/0001-58;2020-12-01;1;25176;10855156;0.9046;0.9662;0.0338;1;1144844;0.0954;0;1;;;;;;;;;;;;;;;;;;;;;;;;;;;;;;
23.740.552/0001-31;2020-12-01;1;0;0;0;0;0;0;0;0;0;0;0;0;0;0;0;0;0;0;0;0;0;0;0;0;0;0;0;0;0;0;0;0;0;0;0;1;103500;1;0;1
23.740.595/0001-17;2020-06-01;1;1756;901804;0.4297;0.824;0.176;2;228472;0.1088;1;0;;;;;;;;;;;2;968524;0.4615;0;1;;;;;;;;;;;;;;;
23.768.027/0001-24;2020-12-01;1;0;0;0;0;0;0;0;0;0;0;0;0;0;0;0;0;0;0;0;0;0;0;0;0;0;0;0;0;0;0;0;0;0;0;0;1;322214000;1;0;1
23.781.211/0001-04;2020-12-01;1;;;;;;;;;;;;;;;;;;;;;;;;;;;;;;;;;;;;1;12599010;1;0;1
23.876.086/0001-16;2020-06-01;1;1;2500;0.011646;0;0;2;40000;0.1863;0;0;2;53500;0.2492;0;0;2;70000;0.3261;0;0;1;48674.89786655;0.226738;0;0;;;;;;;;;;;;;;;
23.964.843/0001-03;2020-06-01;1;116;51145.21741644;0.6718;0.5187;0.1531;1;7327.40992026;0.0962;0;0.0962;;;;;;;;;;;1;17666.43689172;0.232;0;0.232;;;;;;;;;;;;;;;
23.964.908/0001-10;2020-12-01;1;;;;;;;;;;;;;;;;;;;;;;;;;;;;;;;;;;;;1;542458.96;1;0;1
24.070.076/0001-51;2020-06-01;1;206;5762208;0.81;0.81;0;2;1385726;0.19;0.1;0.09;;;;;;;;;;;;;;;;;;;;;;;;;;;;;;
24.703.709/0001-11;2020-12-01;1;2;7530.4;0.0465;0.02;0.0265;;;;;;2;40094.83;0.2476;0;0.2476;;;;;;;;;;;2;114316.52;0.7059;0;0.7059;;;;;;;;;;
24.774.904/0001-32;2020-12-01;1;;;;;;;;;;;;;;;;;;;;;;;;;;;;;;;;;;;;1;37834.90731346;1;1;
24.796.967/0001-90;2020-12-01;1;;;;;;2;243250;0.13;;0.13;;;;;;;;;;;;;;;;;;;;;;;;;;1;1730000;0.87;;0.87
24.814.916/0001-43;2020-12-01;1;17;33119.17;25.2258;0;0;;;;;;1;7521.40030946;5.7288;0;0;;;;;;2;39194.04955463;29.8528;0;0;1;51456.54885843;39.1927;0;0;;;;;;;;;;
24.853.044/0001-22;2020-12-01;1;101537;10760855;1;0.83337296;0.16662703;;;;;;;;;;;;;;;;;;;;;;;;;;;;;;;;;;;
24.853.060/0001-15;2020-12-01;1;;;;;;;;;;;;;;;;;;;;;;;;;;;;;;;;;;;;1;39530.4291;1;0;1
24.960.430/0001-13;2020-06-01;1;22164;32804535;1;0.96;0.04;;;;;;;;;;;;;;;;;;;;;;;;;;;;;;;;;;;
24.976.492/0001-13;2020-12-01;1;;;;;;1;880;0.08;;0.08;;;;;;;;;;;2;4624.059287;0.42;0.2;0.22;;;;;;1;5504.932803;0.5;;0.5;;;;;
25.032.881/0001-53;2020-06-01;2;23468;3465671.30571059;1;0.8576;0.1423;;;;;;;;;;;;;;;;;;;;;;;;;;;;;;;;;;;
25.032.881/0001-53;2020-12-01;1;52149;5963902.306;1;0.9068;0.0932;0;0;0;0;0;0;0;0;0;0;0;0;0;0;0;0;0;0;0;0;0;0;0;0;0;0;0;0;0;0;0;0;0;0;0
26.091.656/0001-50;2020-06-01;1;14167;2254961;0.9877;0.9877;;83;26961;0.0118;;0.0118;1;736;0.0003;;0.0003;2;493;0.0002;;0.0002;;;;;;;;;;;;;;;;;;;;
26.191.053/0001-20;2020-12-01;1;;;;;;;;;;;;;;;;;;;;;;;;;;;;;;;;;;;;1;167445.2861;1;0;1
26.195.121/0001-20;2020-12-01;1;56;297628;0.3191;0.0186;0.3005;2;113097;0.1212;0;0.1212;1;98324;0.1054;0;0.1054;;;;;;;;;;;;;;;;1;423797;0.4543;0;0.4543;;;;;
26.269.251/0001-60;2020-06-01;1;;;;;;1;2307.947494;0.0722;0;0.0722;;;;;;;;;;;;;;;;;;;;;;;;;;1;29669.37012;0.9278;0;0.9278
26.314.437/0001-93;2020-06-01;3;48;364.90433;0.676454800188097;0.562808852221614;0.113645947966483;5;174.532052;0.323545199811903;0.0718989343214155;0.251646265490487;0;0;0;0;0;0;0;0;0;0;0;0;0;0;0;0;0;0;0;0;0;0;0;0;0;0;0;0;0;0
26.395.660/0001-02;2020-12-01;1;;;;;;;;;;;;;;;;;;;;;;;;;;1;4000;0.4;0.4;0;;;;;;1;6000;0.6;0.6;0
26.452.053/0001-37;2020-12-01;1;;;;;;;;;;;;;;;;;;;;;;;;;;;;;;;;;;;;1;127084.0334;1;0;1
26.499.833/0001-32;2020-12-01;1;75141;7168138;0.9481;0.8499;0.1501;1;392213;0.0519;0;1;;;;;;;;;;;;;;;;;;;;;;;;;;;;;;
26.502.761/0001-35;2020-12-01;1;;;;;;;;;;;;;;;;;;;;;;;;;;;;;;;;;;;;1;46865.84;1;0;1
26.502.794/0001-85;2020-12-01;1;235398;20757449;1;0.8676;0.1324;;;;;;;;;;;;;;;;;;;;;;;;;;;;;;;;;;;
26.502.810/0001-30;2020-12-01;1;;;;;;;;;;;;;;;;;;;;;1;3;0.3;0;0.3;;;;;;;;;;;1;7;0.7;0;0.7
26.511.274/0001-39;2020-12-01;1;182;45576;1;0.99;0.01;;;;;;;;;;;;;;;;;;;;;;;;;;;;;;;;;;;
26.545.627/0001-11;2020-12-01;1;;;;;;;;;;;;;;;;;;;;;;;;;;;;;;;;;;;;1;752.0326;1;0;1
26.614.291/0001-00;2020-06-01;1;76864;6503028;1;0.9468;0.0532;;;;;;;;;;;;;;;;;;;;;;;;;;;;;;;;;;;
26.642.727/0001-66;2020-12-01;1;44;24697139.8551947;0.230763;1;;10;59818460.56;0.769236;1;;;;;;;;;;;;;;;;;;;;;;;;;;;;;;;
26.642.834/0001-94;2020-12-01;1;;;;;;;;;;;;;;;;;;;;;;;;;;;;;;;;;;;;1;112199531.8;1;1;
26.681.370/0001-25;2020-12-01;1;6621;2293836;0.6345;0.4621;0.1724;1;330639;0.0915;0;0.0915;;;;;;;;;;;1;992435;0.2745;0;0.2745;;;;;;;;;;;;;;;
26.846.134/0001-11;2020-06-01;1;;;;;;;;;;;;;;;;;;;;;;;;;;;;;;;;;;;;1;6243.17111099;1;0;1
26.846.202/0001-42;2020-06-01;1;149;112876.6404;0.6263;0.535409;0.0908909999999999;4;67337.1591;0.373652;0.276096;0.097556;;;;;;;;;;;;;;;;;;;;;;;;;;;;;;
26.846.280/0001-47;2020-06-01;1;;;;;;;;;;;;;;;;;;;;;;;;;;;;;;;;;;;;1;2413.89;1;;1
26.990.011/0001-50;2020-12-01;1;48;47327;0.1592;0.1424;0.0168;1;29000;0.0975;0.0975;;;;;;;2;100000;0.3363;;0.3363;;;;;;;;;;;1;121000;0.407;;0.407;;;;;
27.293.689/0001-46;2020-12-01;1;8;961.2125874;0.1232;0.1232;0;2;902.12098264;0.1156;0.1156;0;;;;;;;;;;;;;;;;;;;;;;;;;;1;5939.19405817;0.7612;0.7612;0
27.368.600/0001-63;2020-12-01;1;4951;1921135;0.9083;0.9563;0.0437;1;193865;0.0917;0;1;;;;;;;;;;;;;;;;;;;;;;;;;;;;;;
27.368.617/0001-10;2020-12-01;1;1;12057.5341;0.038462;0;0.038462;2;50239.7245;0.160256;0.064103;0.096154;2;80383.559;0.25641;0.25641;0;1;6287.6688;0.192308;0.192308;0;0;0;0;0;0;1;110527.3937;0.352564;0.352564;0;0;0;0;0;0;0;0;0;0;0
27.368.863/0001-72;2020-12-01;1;;;;;;;;;;;;;;;;;;;;;;;;;;;;;;;;;;;;1;82840.5557231;1;0;0
27.486.542/0001-72;2020-12-01;1;1500;861073;0.2026;0.4839;0.5161;1;260575;0.0613;0;1;;;;;;;;;;;;;;;;;;;;;;;;;;1;3128352;0.7361;;1
27.529.279/0001-51;2020-12-01;1;59231;11468979;1;0.935162144773306;0.0648378552266946;0;0;0;0;0;0;0;0;0;0;0;0;0;0;0;0;0;0;0;0;0;0;0;0;0;0;0;0;0;0;0;0;0;0;0
27.538.422/0001-71;2020-12-01;1;2;159220;0.042925;0;0.042926;1;350000;0.094359;0;0.094359;0;0;0;0;0;0;0;0;0;0;1;1000000;0.269598;0;0.269598;0;0;0;0;0;0;0;0;0;0;1;2200000;0.593117;0;0.593117
27.538.477/0001-81;2020-12-01;1;;;;;;;;;;;;;;;;;;;;;;;;;;;;;;;;;;;;1;38.5;1;0;1
27.539.729/0001-97;2020-12-01;1;0;0;0;0;0;0;0;0;0;0;0;0;0;0;0;0;0;0;0;0;0;0;0;0;0;0;0;0;0;0;1;27614022.54;1;0;1;0;0;0;0;1
27.580.051/0001-96;2020-12-01;2;;;;;;;;;;;;;;;;;;;;;;;;;;;;;;;;;;;;1;7461;1;;1
27.602.955/0001-75;2020-12-01;1;1;15434;0.0395;0.2901;0.7099;;;;;;;;;;;;;;;;;;;;;;;;;;;;;;;;;;;
27.771.547/0001-47;2020-12-01;1;62;17469;0.484255;0.112351;0.371903;1;3605;0.099933;0;0.099933;;;;;;;;;;;;;;;;;;;;;1;15000;0.415812;0;0.415812;;;;;
27.771.586/0001-44;2020-12-01;1;340;3457345.79410395;0.2959;0.1471;0.1488;3;2023062.03684573;0.1732;0;0.1732;1;1483540.203;0.127;0.127;0;0;0;0;0;0;0;0;0;0;0;0;0;0;0;0;1;4719320.15605032;0.4039;0;0;0;0;0;0;0
27.773.327/0001-52;2020-12-01;1;1;43.0492;0.000268;0;0.000268;;;;;;;;;;;;;;;;;;;;;;;;;;;;;;;1;160714;0.999732;0.999732;0
28.090.655/0001-17;2020-12-01;1;92;38602.52;0.7727;0.6578;0.3422;2;5869.9;0.1175;0;1;1;5484.18;0.1098;0;1;;;;;;;;;;;;;;;;;;;;;;;;;
28.108.193/0001-18;2020-12-01;1;2;200000;0.025252;0;0;4;1600000;0.2020202;0;0;;;;;;1;1400000;0.176768;0;0;1;4720000;0.59596;0;0;;;;;;;;;;;;;;;
28.152.272/0001-26;2020-12-01;1;50573;9916355;1;0.9968;0.0032;;;;;;;;;;;;;;;;;;;;;;;;;;;;;;;;;;;
28.216.384/0001-01;2020-12-01;1;;;;;;;;;;;;;;;;;;;;;;;;;;;;;;;;;;;;1;3239431;1;0;1
28.267.530/0001-10;2020-12-01;1;3;131.28;0.0369;0.0369;;;;;;;;;;;;;;;;;;;;;;;;;;;;;;;;1;3422.7421;0.9631;;0.9631
28.267.555/0001-13;2020-12-01;1;107;935200;0.7;0.9525;0.0475;4;400800;0.3;1;;;;;;;;;;;;;;;;;;;;;;;;;;;;;;;
28.267.696/0001-36;2020-06-01;1;139;13835;0.593;0.55;0.0431;4;6778;0.295;0.2133;0.0773;1;2716;0.1164;0;0.1164;0;0;0;0;0;0;0;0;0;0;0;0;0;0;0;0;0;0;0;0;0;0;0;0;0
28.516.301/0001-91;2020-12-01;1;14428;6149317;0.936395;0.708697;0.227719;1;417694;0.063605;0;0.063605;;;;;;;;;;;;;;;;;;;;;;;;;;;;;;
28.516.325/0001-40;2020-06-01;1;29164;6069722;0.9215;0.7784;0.1431;1;516846;0.0785;0;0.0785;0;0;0;0;0;0;0;0;0;0;0;0;0;0;0;0;0;0;0;0;0;0;0;0;0;0;0;0;0;0
28.516.650/0001-03;2020-12-01;1;2408;726214;0.873;0.8543;0.0187;2;105623;0.127;0;0.127;0;0;0;0;0;0;0;0;0;0;0;0;0;0;0;0;0;0;0;0;0;0;0;0;0;0;0;0;0;0
28.548.288/0001-52;2020-12-01;1;14259;2958343;0.6411;0.4012;0.2399;;;;;;3;1656352;0.3589;0;0.3589;;;;;;;;;;;;;;;;;;;;;;;;;
28.693.595/0001-27;2020-12-01;1;202;726598;0.732;0.6755;0.0565;4;265967;0.268;0.1874;0.0806;0;0;0;0;0;0;0;0;0;0;0;0;0;0;0;0;0;0;0;0;0;0;0;0;0;0;0;0;0;0
28.729.197/0001-13;2020-12-01;1;8363;2684442;0.7611;0.5566;0.2045;3;842399;0.2389;0;0.2389;;;;;;;;;;;;;;;;;;;;;;;;;;;;;;
28.737.771/0001-85;2020-06-01;2;52464;2860924;1;0.973986026892011;0.0260139731079889;0;0;0;0;0;0;0;0;0;0;0;0;0;0;0;0;0;0;0;0;0;0;0;0;0;0;0;0;0;0;0;0;0;0;0
28.757.546/0001-00;2020-06-01;2;209444;18207683;1;0.806754269612449;0.193245730387551;0;0;0;0;0;0;0;0;0;0;0;0;0;0;0;0;0;0;0;0;0;0;0;0;0;0;0;0;0;0;0;0;0;0;0
28.830.325/0001-10;2020-06-01;3;60713;7516728;0.943352736957711;0.837938007547346;0.105414729410365;1;451371;0.056647263042289;0;0.056647263042289;0;0;0;0;0;0;0;0;0;0;0;0;0;0;0;0;0;0;0;0;0;0;0;0;0;0;0;0;0;0
28.851.767/0001-43;2020-12-01;3;585;191596;0.2411;0.7048;0.2952;2;97964;0.1233;0;1;;;;;;1;146943;0.1849;0;1;;;;;;;;;;;1;358110;0.4507;0;1;;;;;
28.893.734/0001-66;2020-12-01;1;1;1198;0.006;0;0.006;0;0;0;0;0;0;0;0;0;0;0;0;0;0;0;0;0;0;0;0;0;0;0;0;0;0;0;0;0;0;1;181741;0.994;0;0.994
28.899.178/0001-35;2020-06-01;1;33;197036.33;0.5507;0.8745;0.1255;;;;;;;;;;;1;60366.29264828;0.1686;0;1;1;100610.48150892;0.281;0;1;;;;;;;;;;;;;;;
29.018.899/0001-51;2020-12-01;1;0;0;0;0;0;0;0;0;0;0;0;0;0;0;0;0;0;0;0;0;0;0;0;0;0;0;0;0;0;0;0;0;0;0;0;1;65270000;1;0;1
29.216.463/0001-77;2020-12-01;1;50177;9050620;1;0.947706676448685;0.0522933235513147;0;0;0;0;0;0;0;0;0;0;0;0;0;0;0;0;0;0;0;0;0;0;0;0;0;0;0;0;0;0;0;0;0;0;0
29.242.809/0001-01;2020-12-01;1;;;;;;;;;;;;;;;;;;;;;1;1219.71;0.274;0;0;;;;;;;;;;;1;3231.71;0.726;0;0
29.242.844/0001-20;2020-12-01;1;;;;;;;;;;;;;;;;;;;;;;;;;;;;;;;;;;;;1;28316.1;1;0;0
29.267.567/0001-00;2020-12-01;1;3581;1028181;0.4602;0.27273;0.1875;2;326665;0.1462;0;0.1462;;;;;;1;394913;0.17676;0;0.17676;1;484432;0.21683;0;0.2168;;;;;;;;;;;;;;;
29.299.737/0001-39;2020-12-01;1;49;25025;0.4427;1;0;7;31500;0.5573;1;0;;;;;;;;;;;;;;;;;;;;;;;;;;;;;;
29.467.977/0001-03;2020-06-01;2;58714;6942557;1;0.839467648591146;0.160532351408854;0;0;0;0;0;0;0;0;0;0;0;0;0;0;0;0;0;0;0;0;0;0;0;0;0;0;0;0;0;0;0;0;0;0;0
29.641.226/0001-53;2020-12-01;1;101201;18406458;1;0.7772;0.2228;0;0;0;0;0;0;0;0;0;0;0;0;0;0;0;0;0;0;0;0;0;0;0;0;0;0;0;0;0;0;0;0;0;0;0
29.787.928/0001-40;2020-12-01;1;7444;2851102;0.592732745306384;0.444078778452909;0.148653966853475;2;572430;0.11900591609691;0;0.11900591609691;0;0;0;0;0;0;0;0;0;0;1;1386565;0.288261338596706;0;0.288261338596706;0;0;0;0;0;0;0;0;0;0;0;0;0;0;0
29.800.650/0001-01;2020-12-01;1;166;1210398;0.8967;0.8967;0;2;139439;0.1033;0.1033;0;0;0;0;0;0;0;0;0;0;0;0;0;0;0;0;0;0;0;0;0;0;0;0;0;0;0;0;0;0;0
29.852.732/0001-91;2020-06-01;2;27069;4506414;1;0.888010955052066;0.111989044947934;0;0;0;0;0;0;0;0;0;0;0;0;0;0;0;0;0;0;0;0;0;0;0;0;0;0;0;0;0;0;0;0;0;0;0
30.017.492/0001-99;2020-12-01;1;;;;;;;;;;;;;;;;;;;;;;;;;;;;;;;;;;;;1;7850;1;0;0
30.048.651/0001-12;2020-12-01;2;15527;3152206;0.9065;0.9933;0.00670000000000004;1;325228;0.0935;0;1;0;0;0;0;0;0;0;0;0;0;0;0;0;0;0;0;0;0;0;0;0;0;0;0;0;0;0;0;0;0
30.091.444/0001-40;2020-01-01;1;4110;3598419;1;0.99;0.01;0;0;0;0;0;0;0;0;0;0;0;0;0;0;0;0;0;0;0;0;0;0;0;0;0;0;0;0;0;0;0;0;0;0;0
30.091.444/0001-40;2020-06-01;1;5245;3598419;1;0.99;0.01;;;;;;;;;;;;;;;;;;;;;;;;;;;;;;;;;;;
30.091.506/0001-14;2020-12-01;1;;;;;;;;;;;;;;;;;;;;;;;;;;;;;;;;;;;;1;1858610;1;0;1
30.130.708/0001-28;2020-06-01;1;4839;10690843;1;0.93;0.07;;;;;;;;;;;;;;;;;;;;;;;;;;;;;;;;;;;
30.166.700/0001-11;2020-06-01;2;507;1177600;0.60234585475465;0.374262093080235;0.228083761674415;4;549882;0.281266256202612;0.0650145803911258;0.216251675811487;1;227541;0.116387889042738;0;0.116387889042738;0;0;0;0;0;0;0;0;0;0;0;0;0;0;0;0;0;0;0;0;0;0;0;0;0
30.178.506/0001-56;2020-12-01;1;;;;;;;;;;;;;;;;;;;;;;;;;;;;;;;;;;;;1;804.62;1;;1
30.230.870/0001-18;2020-12-01;1;21218;4659659.8103;0.593721;0.5802;0.0135;1;661001;0.084223;0.084223;0;;;;;;;;;;;;;;;;;;;;;1;2527566;0.322056;0;0.322056;;;;;
30.248.129/0001-84;2020-12-01;1;;;;;;;;;;;;;;;;;;;;;;;;;;;;;;;;;;;;1;10000;1;;1
30.248.158/0001-46;2020-12-01;1;90;546934;0.217193;0.144844;0.072345;4;685887;0.272372;0.079628;0.192744;1;305381;0.12127;0;0.12127;2;979993;0.389165;0.198555;0.19061;;;;;;;;;;;;;;;;;;;;
30.248.180/0001-96;2020-12-01;1;57171;3823428.904;0.938396;0.92;0.02;1;251003;0.061604;0;0.06;;;;;;;;;;;;;;;;;;;;;;;;;;;;;;
30.258.790/0001-70;2020-12-01;1;;;;;;1;1000;0.0683;0;0;;;;;;;;;;;;;;;;;;;;;;;;;;1;13647.3;0.9317;0;0
30.492.505/0001-81;2020-12-01;1;;;;;;;;;;;;;;;;;;;;;;;;;;;;;;;;;;;;1;77318778;1;;1
30.495.165/0001-42;2020-12-01;1;;;;;;;;;;;;;;;;;;;;;;;;;;;;;;;;;;;;1;428700;1;0;1
30.567.216/0001-02;2020-12-01;1;126;178225;0.3316;0.2013;0.1303;8;359299;0.6684;0.5164;0.152;;;;;;;;;;;;;;;;;;;;;;;;;;;;;;
30.578.239/0001-04;2020-12-01;1;;;;;;;;;;;;;;;;;;;;;;;;;;;;;;;;;;;;1;86038.39;1;0;1
30.578.275/0001-78;2020-12-01;1;;;;;;;;;;;1;8235;0.111254;0;0.111254;;;;;;;;;;;;;;;;;;;;;1;65784.4941;0.888746;0;0.888746
30.578.316/0001-26;2020-12-01;1;;;;;;;;;;;;;;;;;;;;;;;;;;;;;;;;;;;;1;10000;1;0;1
30.578.351/0001-45;2020-12-01;1;;;;;;;;;;;;;;;;;;;;;;;;;;;;;;;;;;;;1;299684.8266;1;0;1
30.578.417/0001-05;2020-12-01;1;20596;5135562;0.948909;0.88;0.07;1;276545;0.051097;0;0.05;;;;;;;;;;;;;;;;;;;;;;;;;;;;;;
30.579.348/0001-46;2020-06-01;1;556;61896;0.3965;0.989208633093525;0.0107913669064748;1;20185;0.1293;0.5;0.5;1;24356;0.156;0;1;;;;;;;;;;;1;49671;0.3182;0;1;;;;;;;;;;
30.629.603/0001-18;2020-06-01;2;25564;7537889;1;0.961002211627154;0.0389977883728455;0;0;0;0;0;0;0;0;0;0;0;0;0;0;0;0;0;0;0;0;0;0;0;0;0;0;0;0;0;0;0;0;0;0;0
30.642.032/0001-51;2020-12-01;1;;;;;;;;;;;;;;;;;;;;;;;;;;1;13090.24;1;0;0;;;;;;;;;;
30.647.758/0001-87;2020-12-01;1;2434;944625;0.9222;0.8535;0.0687;1;79737;0.0778;0;0.0778;;;;;;;;;;;;;;;;;;;;;;;;;;;;;;
30.654.849/0001-40;2020-12-01;1;33615;7316171;1;0.8515;0.1485;;;;;;;;;;;;;;;;;;;;;;;;;;;;;;;;;;;
30.791.386/0001-68;2020-12-01;1;5267;1814336;1;0.9932;0.0068;;;;;;;;;;;;;;;;;;;;;;;;;;;;;;;;;;;
30.816.679/0001-52;2020-06-01;1;1;76;0.01;0.01;0;0;0;0;0;0;0;0;0;0;0;0;0;0;0;0;0;0;0;0;0;0;0;0;0;0;0;0;0;0;0;1;65750;0.99;0;0.99
30.846.692/0001-54;2020-06-01;1;;;;;;;;;;;;;;;;;;;;;;;;;;;;;;;;;;;;1;538512.70358119;1;0;1
30.871.660/0001-09;2020-12-01;1;;;;;;;;;;;;;;;;;;;;;;;;;;;;;;;;;;;;1;155310.70071651;1;0;1
30.871.698/0001-81;2020-12-01;1;631;605853;0.2698;0.1081;0.1617;4;703923;0.3135;;0.3135;2;486127;0.2165;;0.2165;;;;;;1;449769;0.2003;;0.2003;;;;;;;;;;;;;;;
30.871.716/0001-25;2020-12-01;1;;;;;;;;;;;;;;;;;;;;;;;;;;;;;;;;;;;;1;46550;1;0;1
30.982.880/0001-00;2020-06-01;1;128;208153;0.4117;0.2768;0.1349;1;39984;0.0791;0;0.0791;;;;;;;;;;;;;;;;;;;;;;;;;;2;257426;0.5092;0;0.5092
30.982.923/0001-57;2020-12-01;1;;;;;;;;;;;;;;;;;;;;;;;;;;;;;;;;;;;;1;19337.9064;1;1;0
30.982.974/0001-89;2020-12-01;1;;;;;;;;;;;1;6800;13.0769;;13.0769;1;9800;18.8462;;18.8462;1;13400;25.7692;;25.7692;;;;;;1;22000;42.3077;;42.3077;;;;;
30.983.020/0001-90;2020-12-01;2;12408;4330214;100;93.77;6.23;;;;;;;;;;;;;;;;;;;;;;;;;;;;;;;;;;;
31.145.875/0001-05;2020-12-01;1;;;;;;;;;;;;;;;;;;;;;;;;;;;;;;;;;;;;1;255200000;1;0;1
31.145.908/0001-17;2020-12-01;1;;;;;;;;;;;;;;;;;;;;;;;;;;;;;;;;;;;;1;300;1;0;1
31.152.015/0001-07;2020-12-01;2;21;8204.9482;0.046371;0.010942;0.035429;1;10888.3603;0.061536;0.061536;0;;;;;;;;;;;1;43134.6771;0.243777;0;0.243777;2;114715;0.648316;0;0.648316;;;;;;;;;;
31.161.410/0001-48;2020-06-01;1;1117;1528615;1.00000000000001;1.00000000000001;0;;;;;;;;;;;;;;;;;;;;;;;;;;;;;;;;;;;
31.373.514/0001-16;2020-06-01;1;2;59935.49;0.0049;0.0049;;3;2496618.95;0.20411;0.0628;0.1413;;;;;;1;2077192.84;0.16982;;0.16982;1;3081662.73;0.25194;;0.25194;1;4516322.65;0.36923;;0.36923;;;;;;;;;;
31.469.385/0001-64;2020-12-01;1;3;10043;0.0292;;0.0292;;;;;;;;;;;;;;;;1;71752.45;0.2086;;0.2086;;;;;;;;;;;1;262098.97;0.7622;;0.7621
31.508.219/0001-20;2020-12-01;1;0;0;0;0;0;1;14900;0.1;0;0.1;0;0;0;0;0;0;0;0;0;0;0;0;0;0;0;0;0;0;0;0;0;0;0;0;0;1;134100;0.9;0;0.9
31.524.769/0001-32;2020-12-01;2;9;46647.09701;0.3366;0.2597;0.077;6;62473.2957;0.4508;0.3766;0.0742;2;29462.7832;0.2126;0.1009;0.1116;;;;;;;;;;;;;;;;;;;;;;;;;
31.524.789/0001-03;2020-12-01;1;;;;;;;;;;;;;;;;;;;;;;;;;;;;;;;;;;;;1;28624.85693033;1;;1
31.544.514/0001-31;2020-06-01;1;0;0;0;0;0;0;0;0;0;0;0;0;0;0;0;0;0;0;0;0;1;18012054.77;0.2848;0;0.2848;0;0;0;0;0;0;0;0;0;0;1;45225147.9;0.7152;0;0.7152
31.547.782/0001-07;2020-12-01;1;;;;;;;;;;;;;;;;;;;;;;;;;;;;;;;;;;;;1;45125.45;1;0;1
31.547.855/0001-60;2020-12-01;1;3638;1795546;0.6385;0.4619;0.1766;2;346087;0.1231;0;0.1231;;;;;;;;;;;1;670707;0.2385;;0.2385;;;;;;;;;;;;;;;
31.713.934/0001-02;2020-06-01;2;;;;;;;;;;;;;;;;;;;;;;;;;;;;;;;;;;;;1;25100305.1062058;1;0;1
31.713.990/0001-39;2020-06-01;1;0;0;0;0;0;0;0;0;0;0;0;0;0;0;0;0;0;0;0;0;0;0;0;0;0;0;0;0;0;0;0;0;0;0;0;1;88535.38;1;1;1
31.772.231/0001-47;2020-12-01;1;;;;;;;;;;;;;;;;;;;;;;;;;;;;;;;;;;;;50;11740075.992781;1;0;0
31.887.401/0001-39;2020-12-01;1;1788;690040;1;0.9781;0.0219;0;0;0;0;0;0;0;0;0;0;0;0;0;0;0;0;0;0;0;0;0;0;0;0;0;0;0;0;0;0;0;0;0;0;0
31.894.369/0001-19;2020-12-01;1;3690;3779001;1;0.8676;0.1324;;;;;;;;;;;;;;;;;;;;;;;;;;;;;;;;;;;
31.907.591/0001-09;2020-12-01;1;26;36991.67;0.536;0.05;0.486;1;6708.33;0.0972;0;0.0972;;;;;;2;25300;0.3667;0;0.3667;;;;;;;;;;;;;;;;;;;;
31.962.875/0001-06;2020-12-01;1;0;0;0;0;0;0;0;0;0;0;0;0;0;0;0;1;501349.1679368;0.2;0;0.2;0;0;0;0;0;0;0;0;0;0;0;0;0;0;0;1;2005396.67174721;0.8;0;0.8
32.000.013/0001-57;2020-12-01;1;6;25178.96;0.0369;0.0188;0.0181;1;42014.55;0.0616;0;0.0616;1;69688.11;0.1022;0;0.1022;2;255828.11;0.375;0;0.375;;;;;;;;;;;1;289472.63;0.4243;0;0.4243;;;;;
32.006.821/0001-21;2020-12-01;1;2018;339558;0.8654;0.951;0.049;2;52816;0.1346;1;0;0;0;0;0;0;0;0;0;0;0;0;0;0;0;0;0;0;0;0;0;0;0;0;0;0;0;0;0;0;0
32.065.364/0001-46;2020-12-01;1;930;492997;0.7372;0.5939;0.1433;1;38892;0.0582;0;0.0582;2;136843;0.2046;0.1001;0.1045;;;;;;;;;;;;;;;;;;;;;;;;;
32.065.718/0001-52;2020-12-01;1;13;144845.02916781;0.17162657307957;0;1;3;173620.93179163;0.2057;0;1;0;0;0;0;0;1;163724.48000234;0.194;0;1;0;0;0;0;0;0;0;0;0;0;0;361764.12220216;0.4287;0;1;;;;;
32.177.294/0001-18;2020-12-01;1;;;;;;;;;;;;;;;;;;;;;;;;;;;;;;;;;;;;1;2976;1;0;1
32.274.163/0001-59;2020-12-01;1;55937;6973846;1;0.9981;0.0019;;;;;;;;;;;;;;;;;;;;;;;;;;;;;;;;;;;
32.274.197/0001-43;2020-12-01;1;1;7560827.64;0.049890058484785;0;1;;;;;;;;;;;;;;;;1;30576552.32;0.201759126929111;0;1;;;;;;;;;;;1;113412405.1;0.748350814586104;0;1
32.274.553/0001-29;2020-12-01;1;1;4436693.52;0.0497072043419469;0;1;;;;;;;;;;;;;;;;1;18269452.65;0.204684730192739;0;1;;;;;;;;;;;1;66550402.83;0.745608065465314;0;1
32.275.252/0001-10;2020-12-01;1;;;;;;;;;;;;;;;;;;;;;;;;;;;;;;;;;;;;1;1026539.07459941;1;;1
32.317.313/0001-64;2020-06-01;1;0;0;0;0;0;0;0;0;0;0;0;0;0;0;0;0;0;0;0;0;0;0;0;0;0;0;0;0;0;0;0;0;0;0;0;1;58269.7771;1;0;1
32.397.369/0001-76;2020-12-01;1;2762;405161;1;0.9857;0.0143;;;;;;;;;;;;;;;;;;;;;;;;;;;;;;;;;;;
32.400.250/0001-05;2020-06-01;1;2748;5811259;1;0.99;0.01;;;;;;;;;;;;;;;;;;;;;;;;;;;;;;;;;;;
32.441.656/0001-36;2020-06-01;2;75;40221.015;0.705371696073774;0.371941307037955;0.333430389035819;4;16800.007;0.294628303926226;0.147300095743636;0.147328208182589;0;0;0;0;0;0;0;0;0;0;0;0;0;0;0;0;0;0;0;0;0;0;0;0;0;0;0;0;0;0
32.527.552/0001-49;2020-06-01;1;6;360;0.0936;0.0936;0;1;285;0.0741;0.0741;0;2;1000;0.2601;0.2601;0;2;1200;0.3121;0.3121;0;1;1000;0.2601;0.2601;0;;;;;;;;;;;;;;;
32.527.626/0001-47;2020-06-01;1;364;281644;0.3291;0.2483;0.0808;1;80666;0.0942;0;0.0942;;;;;;1;128680;0.1504;0;0.1504;;;;;;;;;;;1;364803;0.4263;0;0.4263;;;;;
32.527.683/0001-26;2020-06-01;1;4010;2109169;1;0.8089;0.1911;;;;;;;;;;;;;;;;;;;;;;;;;;;;;;;;;;;
32.655.589/0001-52;2020-12-01;1;0;0;0;0;0;0;0;0;0;0;0;0;0;0;0;0;0;0;0;0;0;0;0;0;0;0;0;0;0;0;0;0;0;0;0;0;0;0;0;0
32.667.306/0001-92;2020-06-01;2;0;0;0;0;0;0;0;0;0;0;0;0;0;0;0;0;0;0;0;0;1;10000;0.281183218985491;0;0.281183218985491;0;0;0;0;0;0;0;0;0;0;1;25564;0.718816781014509;0.718816781014509;0
32.754.734/0001-52;2020-06-01;2;14282;5040000;1;0.824546428571429;0.175453571428571;0;0;0;0;0;0;0;0;0;0;0;0;0;0;0;0;0;0;0;0;0;0;0;0;0;0;0;0;0;0;0;0;0;0;0
32.784.898/0001-22;2020-12-01;1;7684;2863597;1;0.9861;0.0139;0;0;0;0;0;0;0;0;0;0;0;0;0;0;0;0;0;0;0;0;0;0;0;0;0;0;0;0;0;0;0;0;0;0;0
32.892.018/0001-31;2020-06-01;2;80952;15780613;1;0.696538;0.303461;;;;;;;;;;;;;;;;;;;;;;;;;;;;;;;;;;;
32.903.521/0001-45;2020-12-01;2;2763;3180207;1;0.992;0.008;;;;;;;;;;;;;;;;;;;;;;;;;;;;;;;;;;;
32.903.621/0001-71;2020-06-01;1;;;;;;;;;;;;;;;;;;;;;;;;;;;;;;;;;;;;1;3310683;1;0;1
32.903.661/0001-13;2020-06-01;1;;;;;;;;;;;;;;;;;;;;;;;;;;;;;;;;;;;;1;3292145;1;0;1
32.903.702/0001-71;2020-12-01;1;4551;3599982;1;0.995;0.005;;;;;;;;;;;;;;;;;;;;;;;;;;;;;;;;;;;
33.045.581/0001-37;2020-06-01;2;657;401676;0.212259694141769;0.136413405341422;0.0758462888003466;2;330220;0.174499836185121;0;0.174499836185121;2;414169;0.218861433750092;0;0.218861433750092;1;290888;0.153715427134085;0;0.153715427134085;1;455427;0.240663608788932;0;0.240663608788932;0;0;0;0;0;0;0;0;0;0;0;0;0;0;0
33.046.142/0001-49;2020-06-01;3;405;1143347;0.2656;0.0592;0.2064;3;1028436;0.2389;0;0.2389;0;0;0;0;0;0;0;0;0;0;2;2133296;0.4955;0;0.4955;0;0;0;0;0;0;0;0;0;0;0;0;0;0;0
33.354.650/0001-94;2020-12-01;1;;;;;;;;;;;;;;;;;;;;;;;;;;;;;;;;;;;;1;3422119;1;0;1
33.554.611/0001-30;2020-12-01;1;1;124117.44;0.04;0.04;0;1;248273.51;0.07;0.07;0;0;0;0;0;0;0;0;0;0;0;0;0;0;0;0;1;1241175.27;0.37;0.37;0;0;0;0;0;0;1;1737643.97;0.52;0.52;0
33.701.455/0001-93;2020-12-01;1;4;5.08611023;0.0916;;0.0916;1;3.88889;0.07;0.07;;2;13.33334;0.24;0.24;;;;;;;;;;;;;;;;;;;;;;1;33.24722;0.5984;0.5984;
33.701.485/0001-08;2020-12-01;1;19;7705;0.171;0.081;0.09;1;2841;0.0631;0.0631;;1;6000;0.1332;;0.1332;;;;;;1;11004;0.2443;0.2443;;;;;;;;;;;;1;17500;0.3884;;0.3884
33.701.501/0001-54;2020-12-01;1;25;2630;0.0939;0.0768;0.0171;;;;;;1;4370;0.1561;0.1561;;;;;;;3;21000;0.75;0.75;;;;;;;;;;;;;;;;
33.701.887/0001-02;2020-12-01;1;;;;;;;;;;;;;;;;;;;;;;;;;;;;;;;;;;;;1;100;1;0;0
33.721.517/0001-29;2020-06-01;2;3203;666681;1;0.971794606415962;0.0282053935840379;0;0;0;0;0;0;0;0;0;0;0;0;0;0;0;0;0;0;0;0;0;0;0;0;0;0;0;0;0;0;0;0;0;0;0
33.842.871/0001-01;2020-12-01;1;;;;;;;;;;;;;;;;;;;;;3;77100;1;0;1;;;;;;;;;;;;;;;
33.884.145/0001-51;2020-12-01;1;84;80530;0.1611;0.0575;0.1035;2;66970;0.1339;0;0.1339;3;202500;0.405;0;0.405;0;0;0;0;0;1;150000;0.3;0;0.3;0;0;0;0;0;0;0;0;0;0;0;0;0;0;0
33.884.197/0001-28;2020-12-01;1;;;;;;;;;;;;;;;;;;;;;;;;;;;;;;;;;;;;1;4665.96;1;0;0
34.007.109/0001-72;2020-12-01;1;651;17277;0.0346;1;0;;;;;;;;;;;;;;;;;;;;;;;;;;;;;;;1;482723;0.9654;0;1
34.027.774/0001-28;2020-12-01;1;2734;1078164;1;0.939;0.0609;;;;;;;;;;;;;;;;;;;;;;;;;;;;;;;;;;;
34.081.611/0001-23;2020-12-01;1;9532;3768205;0.948269288793944;0.740426662734214;0.20784262605973;1;205566;0.0517307112060559;0;0.0517307112060559;0;0;0;0;0;0;0;0;0;0;0;0;0;0;0;0;0;0;0;0;0;0;0;0;0;0;0;0;0;0
34.081.631/0001-02;2020-12-01;1;2118;213620;0.38;0.37;0.01;;;;;;;;;;;1;99275;0.17;0;0.17;;;;;;;;;;;1;260555;0.45;0;0.45;;;;;
34.081.637/0001-71;2020-12-01;2;61;960000;0.5053;0.1511;0.3542;3;440000;0.2316;;0.2316;;;;;;;;;;;1;500000;0.2632;;0.2632;;;;;;;;;;;;;;;
34.197.700/0001-30;2020-12-01;3;113;604097.58;0.8591;0;0;2;99100;0.1409;0;0;;;;;;;;;;;;;;;;;;;;;;;;;;;;;;
34.197.727/0001-22;2020-06-01;2;191;385988;0.661117220069813;0.329530934739193;0.33158628533062;1;35963;0.0615971444329116;0;0.0615971444329116;1;61263;0.104930786068834;0;0.104930786068834;1;100628;0.172354849428441;0;0.172354849428441;0;0;0;0;0;0;0;0;0;0;0;0;0;0;0;0;0;0;0;0
34.197.776/0001-65;2020-06-01;2;88;478196;0.573929783628342;0.328554145723215;0.245375637905127;3;155000;0.186030657852414;0;0.186030657852414;2;200000;0.240039558519244;0;0.240039558519244;0;0;0;0;0;0;0;0;0;0;0;0;0;0;0;0;0;0;0;0;0;0;0;0;0
34.197.811/0001-46;2020-05-01;1;1095;445373;0.597;0.4835;0.1135;2;100000;0.134;0.067;0.067;0;0;0;0;0;0;0;0;0;0;1;200638;0.2689;0;0.2689;0;0;0;0;0;0;0;0;0;0;0;0;0;0;0
34.197.811/0001-46;2020-06-01;2;1267;445373;0.597005942271629;0.50151405274185;0.0954918895297791;2;100000;0.134046280818916;0.0670231404094578;0.0670231404094578;0;0;0;0;0;0;0;0;0;0;1;200638;0.268947776909456;0;0.268947776909456;0;0;0;0;0;0;0;0;0;0;0;0;0;0;0
34.471.719/0001-22;2020-12-01;1;8;961.2125874;0.1232;0.1232;0;2;902.12098264;0.1156;0.1156;0;;;;;;;;;;;;;;;;;;;;;;;;;;1;5939.19405817;0.7612;0.7612;0
34.508.872/0001-87;2020-12-01;1;2078;336321;0.445612;0.372303;0.073348;1;60000;0.079498;0.079498;0;1;97001;0.128522;0.128522;0;0;0;0;0;0;0;0;0;0;0;1;261418;0.346368;0;0.346369;0;0;0;0;0;0;0;0;0;0
34.508.923/0001-70;2020-12-01;1;51;27745;0.418982;0.381995;0.036998;4;21340;0.322259;0.322259;0;2;17135;0.258759;0.121338;0.137421;;;;;;;;;;;;;;;;;;;;;;;;;
34.509.007/0001-55;2020-12-01;1;;;;;;;;;;;;;;;;;;;;;;;;;;;;;;;;;;;;1;641025.7858;1;0;1
34.547.078/0001-42;2020-12-01;1;3;409.34499019;0.0468;0.0468;;2;970.89077252;0.1108;;0.1108;;;;;;;;;;;;;;;;;;;;;;;;;;1;7375.29738482;0.8424;;0.8424
34.598.181/0001-11;2020-12-01;1;8006;2016081;0.7377;0.7426;0.2574;0;0;0;0;0;0;0;0;0;0;0;0;0;0;0;1;716779;0.2623;0;1;0;0;0;0;0;0;0;0;0;0;0;0;0;0;0
34.691.925/0001-48;2020-12-01;1;0;0;0;0;0;0;0;0;0;0;0;0;0;0;0;0;0;0;0;0;0;0;0;0;0;0;0;0;0;0;0;0;0;0;0;1;165392;1;0;1
34.693.040/0001-88;2020-12-01;1;0;0;0;0;0;0;0;0;0;0;0;0;0;0;0;0;0;0;0;0;0;0;0;0;0;0;0;0;0;0;0;0;0;0;0;1;151028;1;0;1
34.736.432/0001-87;2020-12-01;3;106;48402;0.32268;0.28958;0.0331;5;55916;0.37277333;;0.37277333;3;45682;0.30454666;;0.30454666;;;;;;;;;;;;;;;;;;;;;;;;;
34.736.474/0001-18;2020-06-01;1;105;723500;0.8572;0.3386;0.5186;2;120550;0.1428;0;0.1428;;;;;;;;;;;;;;;;;;;;;;;;;;;;;;
34.736.510/0001-43;2020-12-01;1;1;27600;0.05;0.05;0;1;38640;0.07;0.07;0;;;;;;;;;;;4;485760;0.88;0.88;0;;;;;;;;;;;;;;;
34.835.191/0001-23;2020-06-01;1;4158;295661;0.3285;0.9995;0.0005;3;176488;0.196;0.6666;0.3334;0;0;0;0;0;0;0;0;0;0;0;0;0;0;0;0;0;0;0;0;1;427851;0.4753;0;1;0;0;0;0;0
34.847.063/0001-08;2020-12-01;1;51;171553;0.4673;0.3458;0.1215;1;20912;0.057;0.057;;4;174659;0.4757;0.1032;0.3725;;;;;;;;;;;;;;;;;;;;;;;;;
34.895.711/0001-93;2020-12-01;1;;;;;;;;;;;;;;;;;;;;;2;6983.35;0.5158;0;0.5158;;;;;;1;6556.6;0.4842;0;0.4842;;;;;
34.895.894/0001-47;2020-12-01;1;44;2025;0.79163408;0.79163408;0;1;152;0.05942142;0.05942142;0;1;381;0.14894448;0;0.14894448;;;;;;;;;;;;;;;;;;;;;;;;;
35.360.651/0001-77;2020-12-01;1;4;622.00000041;0.1604;0.1604;0;1;289.99999552;0.0748;0.0748;0;;;;;;;;;;;1;1027.00000307;0.2648;0.2648;0;;;;;;1;1542456.6;0.5;0;0.5;;;;;
35.434.880/0001-99;2020-12-01;1;;;;;;;;;;;;;;;;;;;;;;;;;;;;;;;;;;;;1;13072.2935;1;0;1
35.449.574/0001-26;2020-12-01;1;;;;;;;;;;;;;;;;;;;;;;;;;;;;;;;;;;;;1;14667984.424;1;0;1
35.507.457/0001-71;2020-06-01;1;9428;1440000;1;0.9538875;0.0461125;;;;;;;;;;;;;;;;;;;;;;;;;;;;;;;;;;;
35.507.610/0001-60;2020-12-01;1;1;39463.535;0.0028;;0.0028;;;;;;1;1757916.6126;0.1252;;0.1252;;;;;;;;;;;;;;;;;;;;;1;12238995.0773;0.8719;;0.8719
35.586.415/0001-73;2020-06-01;1;236;31416;0.0108;0.7489;0.2511;;;;;;1;374548;0.1288;0;1;;;;;;;;;;;;;;;;;;;;;1;2502849;0.8604;0;1
35.652.060/0001-73;2020-06-01;2;54;172018;0.26200688457672;0.0135909464769854;0.248415938099735;3;152883;0.232861668748286;0;0.232861668748286;1;89280;0.135985621591982;0;0.135985621591982;1;107198;0.163277180369818;0;0.163277180369818;1;135161;0.205868644713193;0;0.205868644713193;0;0;0;0;0;0;0;0;0;0;0;0;0;0;0
35.652.081/0001-99;2020-06-01;2;0;0;0;0;0;0;0;0;0;0;0;0;0;0;0;0;0;0;0;0;0;0;0;0;0;0;0;0;0;0;0;0;0;0;0;1;17500;1;0;1
35.652.154/0001-42;2020-06-01;2;24;6430;0.0912963225898055;0.0912963225898055;0;4;19000;0.269771404231151;0.212977424393014;0.0567939798381372;0;0;0;0;0;0;0;0;0;0;1;20000;0.283969899190686;0.283969899190686;0;1;25000;0.354962373988357;0;0.354962373988357;0;0;0;0;0;0;0;0;0;0
35.689.670/0001-41;2020-12-01;1;44;193299;0.5981;0.5981;0;6;129901;0.4019;0.4019;0;;;;;;;;;;;;;;;;;;;;;;;;;;;;;;
35.689.733/0001-60;2020-12-01;1;2048;481757;1;0.887;0.113;;;;;;;;;;;;;;;;;;;;;;;;;;;;;;;;;;;
35.704.849/0001-20;2020-12-01;1;;;;;;;;;;;;;;;;;;;;;;;;;;;;;;;;;;;;1;50000;1;1;0
35.705.463/0001-33;2020-12-01;1;1299;324543;0.1011;0.0606;0.0405;2;478875;0.1491;0;0.1491;0;0;0;0;0;0;0;0;0;0;1;868666;0.2705;0;0.2705;0;0;0;0;0;1;1539201;0.4793;0;0.4793;0;0;0;0;0
35.705.542/0001-44;2020-12-01;1;48;333126.31;0.5492;0.4943;0.0549;5;204034.88;0.3365;0.2679;0.0686;1;69305.33;0.1143;0.1143;;;;;;;;;;;;;;;;;;;;;;;;;;
35.725.659/0001-90;2020-12-01;1;;;;;;;;;;;;;;;;;;;;;;;;;;;;;;;;;;;;1;27900;1;0;0
35.725.666/0001-91;2020-12-01;1;;;;;;;;;;;;;;;;;;;;;;;;;;;;;;;;;;;;1;3553.5;1;0;0
35.741.868/0001-27;2020-12-01;1;0;0;0;0;0;0;0;0;0;0;0;0;0;0;0;0;0;0;0;0;0;0;0;0;0;0;0;0;0;0;0;0;0;0;0;1;81386367.63;1;0;1
35.754.164/0001-99;2020-12-01;1;6872;4991535;1;0.8;0.2;;;;;;;;;;;;;;;;;;;;;;;;;;;;;;;;;;;
35.755.044/0001-06;2020-12-01;1;1008;80906;0.801795730680039;0.777515707688346;0.0242800229916952;1;9000;0.0891919211939825;0;0.0891919211939825;1;11000;0.109012348125979;0;0.109012348125979;;;;;;;;;;;;;;;;;;;;;;;;;
35.765.826/0001-26;2020-12-01;1;2801;4824987;1;0.71;0.29;;;;;;;;;;;;;;;;;;;;;;;;;;;;;;;;;;;
35.765.889/0001-82;2020-12-01;1;0;0;0;0;0;0;0;0;0;0;0;0;0;0;0;0;0;0;0;0;0;0;0;0;0;0;0;0;0;0;0;0;0;0;0;1;405000;1;0;1
35.765.907/0001-26;2020-12-01;1;1;705302.4933;0.0474405872265761;0;1;;;;;;;;;;;;;;;;;;;;;;;;;;;;;;;1;14161766.7091;0.952559412773424;0;1
35.819.314/0001-03;2020-12-01;1;;;;;;;;;;;;;;;;;;;;;;;;;;;;;;;;;;;;1;4889000;1;;1
35.820.768/0001-96;2020-12-01;1;;;;;;2;1125;0.147541;0;0;1;1000;0.1311475;0;0;;;;;;;;;;;2;5500;0.7213115;0;0;;;;;;;;;;
35.880.201/0001-05;2020-12-01;1;;;;;;;;;;;;;;;;;;;;;;;;;;;;;;;;;;;;1;15.987120728;1;;1
36.098.375/0001-83;2020-12-01;1;43;386928;0.5555;0.8067;0.1933;6;309644;0.4445;0.8123;0.1877;0;0;0;0;0;0;0;0;0;0;0;0;0;0;0;0;0;0;0;0;0;0;0;0;0;0;0;0;0;0
36.368.869/0001-30;2020-12-01;1;;;;;;;;;;;;;;;;;;;;;;;;;;;;;;;;;;;;1;500000;1;0;1
36.368.925/0001-37;2020-12-01;1;79;178913;0.0715;0.0028;0.0687;4;760193;0.3039;0;0.3039;;;;;;1;422478;0.1689;0;0.1689;;;;;;;;;;;1;1139835;0.4557;0;0.4557;;;;;
36.445.498/0001-43;2020-12-01;1;;;;;;;;;;;;;;;;;;;;;;;;;;;;;;;;;;;;1;10800;1;0;1
36.445.551/0001-06;2020-12-01;1;;;;;;;;;;;;;;;;;;;;;;;;;;;;;;;;;;;;1;293000;0.01;0;1
36.501.249/0001-28;2020-12-01;1;;;;;;;;;;;;;;;;;;;;;;;;;;;;;;;;;;;;1;218813.5116;1;0;1
36.517.660/0001-91;2020-12-01;1;1009;991643;0.949265;0.948786;0.000479;1;53000;0.050735;;0.050735;;;;;;;;;;;;;;;;;;;;;;;;;;;;;;
36.615.915/0001-59;2020-12-01;1;234;831980;1;1;0;0;0;0;0;0;0;0;0;0;0;0;0;0;0;0;0;0;0;0;0;0;0;0;0;0;0;0;0;0;0;0;0;0;0;0
36.669.660/0001-07;2020-12-01;1;57;713298;0.934495;0.600681;0.333811;1;50000;0.065505;0;0.065505;;;;;;;;;;;;;;;;;;;;;;;;;;;;;;
36.731.458/0001-68;2020-12-01;1;0;0;0;0;0;0;0;0;0;0;0;0;0;0;0;0;0;0;0;0;0;0;0;0;0;0;0;0;0;0;0;0;0;0;0;1;17830150.99;1;0;1
36.741.215/0001-00;2020-12-01;1;;;;;;;;;;;;;;;;;;;;;;;;;;;;;;;;;;;;1;29768263;1;;1
36.885.948/0001-19;2020-12-01;1;;;;;;;;;;;;;;;;;;;;;;;;;;;;;;;;;;;;1;1300;1;;1
36.885.989/0001-05;2020-12-01;1;;;;;;;;;;;;;;;;;;;;;;;;;;;;;;;;;;;;1;1300;1;;1
36.969.658/0001-53;2020-12-01;1;;;;;;;;;;;;;;;;;;;;;;;;;;;;;;;;;;;;1;29768263;1;0;1
37.087.810/0001-37;2020-12-01;1;;;;;;;;;;;;;;;;;;;;;;;;;;;;;;;;;;;;1;2200486;1;0;1
37.112.770/0001-36;2020-12-01;1;1713;766274;0.8228;0.7074;0.2926;1;65000;0.0698;;1;1;100000;0.1074;;1;;;;;;;;;;;;;;;;;;;;;;;;;
37.180.091/0001-02;2020-12-01;1;3619;4003900;1;0.9874;0.012596;;;;;;;;;;;;;;;;;;;;;;;;;;;;;;;;;;;
37.262.531/0001-62;2020-12-01;1;67;52395.6006599999;0.913515598527358;0.737970423624027;0.175545174903331;1;4960.39933;0.0864844014726418;0;0.0864844014726418;;;;;;;;;;;;;;;;;;;;;;;;;;;;;;
37.266.902/0001-84;2020-12-01;1;11;356;0.14983164983165;0;0.14983164983165;1;125;0.0526094276094276;0;0.0526094276094276;1;300;0.126262626262626;0;0.126262626262626;;;;;;;;;;;2;1595;0.671296296296296;0;0.671296296296296;;;;;;;;;;
37.295.919/0001-60;2020-12-01;3;64;1015548;0.3205;0.0811;0.2394;0;0;0;0;0;0;0;0;0;0;0;0;0;0;0;0;0;0;0;0;0;0;0;0;0;0;0;0;0;0;1;2153396;0.6795;0;0.6795
37.295.952/0001-90;2020-12-01;1;;;;;;;;;;;;;;;;;;;;;;;;;;;;;;;;;;;;1;1;1;1;0
37.899.400/0001-90;2020-12-01;1;42;2195;0.3631;0.1588;0.2043;2;900;0.1489;;0.1489;;;;;;;;;;;2;2950;0.488;;0.488;;;;;;;;;;;;;;;
37.899.479/0001-50;2020-12-01;1;1;1500;0.0476;0.0476;0;2;5500;0.1746;0.1746;0;2;7500;0.2381;0.2381;0;0;0;0;0;0;1;7000;0.2222;0;0.2222;1;10000;0.3175;0.3175;0;0;0;0;0;0;0;0;0;0;0
37.931.298/0001-63;2020-12-01;1;;;;;;;;;;;;;;;;;;;;;;;;;;;;;;;;;;;;1;16000;1;0;1
38.376.805/0001-07;2020-12-01;1;0;0;0;0;0;0;0;0;0;0;0;0;0;0;0;0;0;0;0;0;0;0;0;0;0;0;0;0;0;0;0;0;0;0;0;1;87884;1;0;1
38.456.598/0001-09;2020-12-01;1;2;300;0.076923;0.076924;0;;;;;;;;;;;1;600;0.153846;0.153846;0;;;;;;;;;;;;;;;;1;3000;0.769231;0;0.769231
38.658.984/0001-75;2020-12-01;1;;;;;;;;;;;;;;;;;;;;;;;;;;;;;;;;;;;;1;3924500;1;0;1
39.347.413/0001-82;2020-12-01;1;;;;;;;;;;;;;;;;;;;;;;;;;;;;;;;;;;;;1;105000;1;;1
39.714.024/0001-48;2020-12-01;1;;;;;;;;;;;;;;;;;;;;;;;;;;;;;;;;;;;;1;74617;1;;1
97.521.194/0001-02;2020-12-01;1;36;4510.57;0.3833;0.2698;0.1135;3;2745.56;0.2333;0;0.2333;1;1568.89;0.1333;0;0.1334;;;;;;1;2941.67;0.25;0;0.25;;;;;;;;;;;;;;;
97.521.225/0001-25;2020-12-01;1;313725;182487980;1;0.904192308994817;0.0958076910051829;0;0;0;0;0;0;0;0;0;0;0;0;0;0;0;0;0;0;0;0;0;0;0;0;0;0;0;0;0;0;0;0;0;0;0
