CNPJ_Fundo;Data_Referencia;Versao;Total_Necessidades_Liquidez;Disponibilidades;Titulos_Publicos;Titulos_Privados;Fundos_Renda_Fixa;Total_Investido;Direitos_Bens_Imoveis;Terrenos;Imoveis_Renda_Acabados;Imoveis_Renda_Construcao;Imoveis_Venda_Acabados;Imoveis_Venda_Construcao;Outros_Direitos_Reais;Acoes;Debentures;Bonus_Subscricao;Certificados_Deposito_Valores_Mobiliarios;Cedulas_Debentures;Fundo_Acoes;FIP;FII;FDIC;Outras_Cotas_FI;Notas_Promissorias;Acoes_Sociedades_Atividades_FII;Cotas_Sociedades_Atividades_FII;CEPAC;CRI;Letras_Hipotecarias;LCI;LIG;Outros_Valores_Mobliarios;Valores_Receber;Contas_Receber_Aluguel;Contas_Receber_Venda_Imoveis;Outros_Valores_Receber;Rendimentos_Distribuir;Taxa_Administracao_Pagar;Taxa_Performance_Pagar;Obrigacoes_Aquisicao_Imoveis;Adiantamento_Venda_Imoveis;Adiantamento_Alugueis;Obrigacoes_Securitizacao_Recebiveis;Instrumentos_Financeiros_Derivativos;Provisoes_Contigencias;Outros_Valores_Pagar;Total_Passivo
00.332.266/0001-31;2016-11-01;1;2988637.26;1168987.34;0;0;1819649.92;455467638.88;455467638.88;0;454853881;0;0;0;613757.88;0;0;0;0;0;0;0;0;0;0;0;0;0;0;0;0;0;0;0;4250681.69;3675956.81;0;574724.88;272876.07;57680.7;0;0;0;244767.05;0;0;3556.23;580600.08;1159480.13
00.332.266/0001-31;2016-12-01;1;2354740.45;2179590.46;0;0;175149.99;455660422.85;455660422.85;0;455050784.59;0;0;0;609638.26;0;0;0;0;0;0;0;0;0;0;0;0;0;0;0;0;0;0;0;5608915.55;5196269.45;0;412646.1;1430035.92;57680.7;0;0;0;258164.36;0;0;603.22;601518.1;2348002.3
00.613.094/0001-74;2016-10-01;1;39430.13;39430.13;0;0;0;10367789.2;10367789.2;10367789.2;;;;;;;;;;;;;;;;;;;;;;;;;177506232.87;;168750446.47;8755786.4;;;;;;;;;;5036866.85;5036866.85
00.613.094/0001-74;2016-11-01;1;4041.87;4041.87;0;0;0;10367789.2;10367789.2;10367789.2;0;0;0;0;0;0;0;0;0;0;0;0;0;0;0;0;0;0;0;0;0;0;0;0;177245693.62;0;168696532.6;8549161.02;0;0;0;0;0;0;0;0;0;4820555.35;4820555.35
00.613.094/0001-74;2016-12-01;1;500;500;0;0;0;10294376.82;10294376.82;10294376.82;0;0;0;0;0;0;0;0;0;0;0;0;0;0;0;0;0;0;0;0;0;0;0;0;177820308.43;0;169373384.97;8446923.46;0;0;0;0;0;0;0;0;0;4320439.18;4320439.18
00.762.723/0001-28;2016-11-01;1;1183273.28;6434.41;0;0;1176838.87;120000000;120000000;0;120000000;0;0;0;0;0;0;0;0;0;0;0;0;0;0;0;0;0;0;0;0;0;0;0;2292135.64;1525937.77;0;766197.87;1172971.1;26684.91;0;0;0;0;0;0;0;0;1199656.01
00.762.723/0001-28;2016-12-01;1;1264104.27;7251.38;0;0;1256852.89;120000000;120000000;0;120000000;0;0;0;0;0;0;0;0;0;0;0;0;0;0;0;0;0;0;0;0;0;0;0;2296962.28;1523803.84;0;773158.44;1209326.35;27018.26;0;0;0;4926.8;0;0;0;0;1241271.41
00.868.235/0001-08;2016-11-01;1;1748697.06;456877.69;0;0;1291819.37;99490000;99490000;0;99490000;0;0;0;0;0;0;0;0;0;0;0;0;0;0;0;0;0;0;0;0;0;0;0;1321649.53;818654.22;0;502995.31;361284.49;21435.93;0;0;0;0;0;0;0;131931.35;514651.77
00.868.235/0001-08;2016-12-01;1;1713751.71;488101.78;0;0;1225649.93;99457300;99457300;0;99457300;0;0;0;0;0;0;0;0;0;0;0;0;0;0;0;0;0;0;0;0;0;0;0;1442243.33;762724.44;0;679518.89;499034.98;21435.93;0;0;0;2259.61;0;0;0;113809.84;636540.36
01.201.140/0001-90;2016-11-01;2;7020424.85;748739.13;0;0;6271685.72;674020112;674020112;0;674020112;0;0;0;0;0;0;0;0;0;0;0;0;0;0;0;0;0;0;0;0;0;0;0;7299458.45;5911794.08;0;1387664.37;6917025.12;58255.47;0;0;0;1699434.74;0;0;0;212512.47;8887227.8
01.201.140/0001-90;2016-12-01;2;7349948.95;556813.79;0;0;6793135.16;674020112;674020112;0;674020112;0;0;0;0;0;0;0;0;0;0;0;0;0;0;0;0;0;0;0;0;0;0;0;10570311.91;9330432.37;0;1239879.54;10670729.24;56364.11;0;0;0;1520952.21;0;0;37418.03;213602.53;12499066.12
01.235.622/0001-61;2016-12-01;2;183111202.38;1150307.3;0;0;181960895.08;1313463502.89;982117770.89;161210375.44;641794741.05;69041695.52;7111459.09;102506616.08;452883.71;254182815.19;0;0;0;0;0;0;77083004.63;0;0;0;0;0;0;0;0;0;0;79912.18;595766416.32;14639559.59;568372871.82;12753984.91;0;1000202.22;0;38149584;6780201.65;0;0;0;1723495.94;23071684.27;70725168.08
01.356.517/0001-80;2016-11-01;1;30572427.7;468714.64;;;30103713.06;211035105.52;211035105.52;38723983.09;172311122.43;;;;;;;;;;;;;;;;;;;;;;;;11908443.88;9077974.1;2252471.46;577998.32;93010517.34;;;604373.47;;1733279.98;;;;433794.04;95781964.83
01.356.517/0001-80;2016-12-01;1;36202135.46;516859.46;;;35685276;211061771.11;211061771.11;38758989.81;172302781.3;;;;;;;;;;;;;;;;;;;;;;;;11387809.4;9086895.21;1993246.93;307667.26;120063675.33;;;604373.47;;1750966.13;;;;7078443.03;129497457.96
01.497.954/0001-14;2016-11-01;1;76085.6;1;0;0;76084.6;124291110;124291110;0;124291110;0;0;0;0;0;0;0;0;0;0;0;0;0;0;0;0;0;0;0;0;0;0;0;851305.58;836867.72;0;14437.86;65002.3;14277.4;0;250194.89;0;66527.19;0;0;207637.63;60743.88;664383.29
01.497.954/0001-14;2016-12-01;1;272365.74;1;0;0;272364.74;124291110;124291110;0;124291110;0;0;0;0;0;0;0;0;0;0;0;0;0;0;0;0;0;0;0;0;0;0;0;828129.2;813433.62;0;14695.58;42502.3;14277.4;0;191054.23;0;133232.23;0;0;207637.63;55152.68;643856.47
01.601.918/0001-59;2016-11-01;2;8146645.96;473359.83;0;0;7673286.13;57600000;57600000;0;57600000;0;0;0;0;0;0;0;0;0;0;0;0;0;0;0;0;0;0;0;0;0;0;0;95142.35;0;0;95142.35;0;27671.47;0;0;0;0;0;0;0;2523.61;30195.08
01.601.918/0001-59;2016-12-01;1;5890734;523649.18;0;0;5367084.82;57600000;57600000;0;57600000;0;0;0;0;0;0;0;0;0;0;0;0;0;0;0;0;0;0;0;0;0;0;0;0;0;0;0;25856.36;29640.81;0;0;0;0;0;0;0;23712.61;79209.78
01.633.741/0001-72;2016-10-01;1;959148.1;10324.62;485850.2;462973.28;0;91204000;91204000;35456000;55748000;0;0;0;0;0;0;0;0;0;0;0;0;0;0;0;0;0;0;0;0;0;0;0;585719.02;457248.39;0;128470.63;118310.51;19098.21;0;0;0;0;0;0;0;220605.55;358014.27
01.633.741/0001-72;2016-11-01;1;889505.86;19218.96;490146.28;380140.62;0;91204000;91204000;35456000;55748000;0;0;0;0;0;0;0;0;0;0;0;0;0;0;0;0;0;0;0;0;0;0;0;646975.18;503709.89;0;143265.29;130789.88;18932.19;0;0;0;0;0;0;0;167619.29;317341.36
01.633.741/0001-72;2016-12-01;1;935509.03;22101.05;494770.4;418637.58;0;66196000;66196000;13209000;52987000;0;0;0;0;0;0;0;0;0;0;0;0;0;0;0;0;0;0;0;0;0;0;0;629756.57;498521.93;0;131234.64;45936.22;18212.09;0;0;0;0;0;0;0;137094.17;201242.48
01.636.325/0001-28;2016-11-01;1;4944508.33;4944508.33;0;0;0;205197632.08;205197632.08;0;203939000;197818.48;0;0;1060813.6;0;0;0;0;0;0;0;0;0;0;0;0;0;0;0;0;0;0;0;4051443.92;1596786.92;0;2454657;245199.53;43555.38;0;0;0;1425887.78;0;0;316947.84;1601924.39;3633514.92
01.636.325/0001-28;2016-12-01;2;4586300.66;4586300.66;0;0;0;216151892.17;216151892.17;0;214865305;197818.48;0;0;1088768.69;0;0;0;0;0;0;0;0;0;0;0;0;0;0;0;0;0;0;0;5393056.32;2499788.41;0;2893267.91;307724.24;48955.45;0;0;0;1372730.08;0;0;287409.65;1681449.49;3698268.91
01.657.856/0001-05;2016-11-01;1;915203.72;80214.76;0;692500.98;142487.98;47760229.47;47760229.47;0;47751044.91;0;0;0;9184.56;0;0;0;0;0;0;0;0;0;0;0;0;0;0;0;0;0;0;0;623499.99;598073.45;0;25426.54;325803.25;13535.94;0;0;0;101415.69;0;0;0;54804.93;495559.81
01.657.856/0001-05;2016-12-01;1;932963.35;36773.66;0;700265.92;195923.77;45392644.42;45392644.42;0;45383658;0;0;0;8986.42;0;0;0;0;0;0;0;0;0;0;0;0;0;0;0;0;0;0;0;920541.3;896945.88;0;23595.42;325483.1;15103.96;0;0;0;96067.94;0;0;0;45492.55;482147.55
01.964.775/0001-40;2016-10-01;1;1275832.82;10663.98;1265168.84;;;0;0;;;;;;;;;;;;;;;;;;;;;;;;;;0;;;;;2048.5;;;;;;;443526.94;4205.46;449780.9
01.964.775/0001-40;2016-11-01;1;1287383.76;9313.98;1278069.78;;;0;0;;;;;;;;;;;;;;;;;;;;;;;;;;249324.08;;;249324.08;;2724.13;;;;;;;443526.94;6405.87;452656.94
01.964.775/0001-40;2016-12-01;3;1308285.17;17205.66;1291079.51;;;0;0;;;;;;;;;;;;;;;;;;;;;;;;;;249431.38;;;249431.38;;714.08;;;;;;;443526.94;4736.82;448977.84
02.027.437/0001-44;2016-11-01;1;338850.65;5280.05;0;0;333570.6;66290000;66290000;0;66290000;0;0;0;0;0;0;0;0;0;0;0;0;0;0;0;0;0;0;0;0;0;0;0;1772088.92;929758.12;0;842330.8;299015.85;18808.29;0;0;0;105822.76;0;0;0;0;423646.9
02.027.437/0001-44;2016-12-01;1;318675.51;7742.51;0;0;310933;66290000;66290000;0;66290000;0;0;0;0;0;0;0;0;0;0;0;0;0;0;0;0;0;0;0;0;0;0;0;1897492.01;1055161.21;0;842330.8;279364.39;18804.76;0;0;0;0;0;0;0;0;298169.15
02.508.235/0001-14;2016-11-01;2;778351.56;3305.05;0;0;775046.51;73500000;73500000;0;73500000;0;0;0;0;0;0;0;0;0;0;0;0;0;0;0;0;0;0;0;0;0;0;0;1777622.67;1777622.67;0;0;0;34383.99;0;0;0;0;0;0;0;194789.28;229173.27
02.508.235/0001-14;2016-12-01;1;765380.96;15924.63;0;0;749456.33;73500000;73500000;0;73500000;0;0;0;0;0;0;0;0;0;0;0;0;0;0;0;0;0;0;0;0;0;0;0;1777622.67;1777622.67;0;0;0;34383.99;0;0;0;0;0;0;0;214680.78;249064.77
03.251.720/0001-18;2016-10-01;1;3126378.59;10552.9;2341046.75;774778.94;0;300586000;300586000;144979000;155607000;0;0;0;0;0;0;0;0;0;0;0;0;0;0;0;0;0;0;0;0;0;0;0;3771748.35;1746588.49;0;2025159.86;1516023;87409.57;0;0;0;0;0;0;0;2027734.36;3631166.93
03.251.720/0001-18;2016-11-01;1;3038000.48;3608.64;2361541.16;672850.68;0;300586000;300586000;144979000;155607000;0;0;0;0;0;0;0;0;0;0;0;0;0;0;0;0;0;0;0;0;0;0;0;3905422.96;1842397.33;0;2063025.63;1443909;90262.1;0;0;0;0;0;0;0;2058938.59;3593109.69
03.251.720/0001-18;2016-12-01;1;3276258.19;17224.72;2383600.48;875432.99;0;269172000;269172000;119738000;149434000;0;0;0;0;0;0;0;0;0;0;0;0;0;0;0;0;0;0;0;0;0;0;0;3813166.03;1705396.63;0;2107769.4;1489046;87143.03;0;0;0;0;0;0;0;2182226.88;3758415.91
03.507.519/0001-59;2016-11-01;1;2935205.02;2516.31;0;0;2932688.71;347161667.25;347161667.25;0;347161667.25;0;0;0;0;0;0;0;0;0;0;0;0;0;0;0;0;0;0;0;0;0;0;0;4514743.81;2228327.68;0;2286416.13;760578.62;38171.3;0;0;0;0;0;0;202774.6;5822.74;1007347.26
03.507.519/0001-59;2016-12-01;1;2881754.5;303922.58;0;0;2577831.92;347161667.25;347161667.25;0;347161667.25;0;0;0;0;0;0;0;0;0;0;0;0;0;0;0;0;0;0;0;0;0;0;0;6208106.62;3747207.97;0;2460898.65;3964381.29;38171.3;0;0;0;0;0;0;205076.08;5822.74;4213451.41
03.683.056/0001-86;2016-11-01;1;4299236.62;25994.38;0;0;4273242.24;241208885.95;225600000;0;225600000;0;0;0;0;0;0;0;0;0;0;0;0;0;0;0;0;0;0;0;0;15608885.95;0;0;1868624.21;1803111.16;0;65513.05;105711.78;135787.16;0;0;0;451722.35;0;0;0;3628.19;696849.48
03.683.056/0001-86;2016-12-01;1;4453260.65;20031.46;0;0;4433229.19;241360526.35;225600000;0;225600000;0;0;0;0;0;0;0;0;0;0;0;0;0;0;0;0;0;0;0;0;15760526.35;0;0;1759033.69;1698433.37;0;60600.32;109421.46;128224.94;0;0;0;643224.53;0;0;0;97428.89;978299.82
03.855.441/0001-63;2016-11-01;1;157806542.14;12022.26;0;0;157794519.88;197812342.01;197812342.01;0;0;197812342.01;0;0;0;0;0;0;0;0;0;0;0;0;0;0;0;0;0;0;0;0;0;0;1909469149.51;1858610237.54;0;50858911.97;0;82274.69;0;0;0;46075884.93;2041705078.57;0;0;27230304.16;2115093542.35
03.855.441/0001-63;2016-12-01;1;121713007.04;175287.56;0;0;121537719.48;198646216.2;198646216.2;0;0;198646216.2;0;0;0;0;0;0;0;0;0;0;0;0;0;0;0;0;0;0;0;0;0;0;1780366981.5;1723052395.59;0;57314585.91;0;80474.69;0;0;0;66298153.43;1896483464.28;0;0;27243660.01;1990105752.41
04.141.645/0001-03;2016-11-01;1;4533364.08;4533364.08;0;0;0;214941072.96;214941072.96;0;214941072.96;0;0;0;0;0;0;0;0;0;0;0;0;0;0;0;0;0;0;0;0;0;0;0;1207021.05;1207021.05;0;0;1065485.04;17176.78;0;0;0;0;0;0;0;6531830.89;7614492.71
04.141.645/0001-03;2016-12-01;1;4643861.79;4643861.79;0;0;0;185712828;185712828;0;185712828;0;0;0;0;0;0;0;0;0;0;0;0;0;0;0;0;0;0;0;0;0;0;0;1007032.94;1007032.94;0;0;1548267.35;19179.61;0;0;0;0;0;0;0;6534734.68;8102181.64
04.782.236/0001-88;2016-10-01;1;9932132.27;106367.44;0;2104359.07;7721405.76;408301851.96;408301851.96;160339800;236462051.96;11500000;0;0;0;0;0;0;0;0;0;0;0;0;0;0;0;0;0;0;0;0;0;0;15130859.41;4354284.89;0;10776574.52;3839438.92;447329.32;0;11500000;0;0;26000000;0;0;2547006.56;44333774.8
04.782.236/0001-88;2016-11-01;1;6235504.03;10229.97;0;2118954.78;4106319.28;413193734.65;413193734.65;163089800;238603934.65;11500000;0;0;0;0;0;0;0;0;0;0;0;0;0;0;0;0;0;0;0;0;0;0;12954470.78;4428794.25;0;8525676.53;2755916.28;436695.58;0;11500000;0;0;26000000;0;0;2523965.1;43216576.96
04.782.236/0001-88;2016-12-01;2;3620303.55;622464.47;0;0;2997839.08;450248352.87;450248352.87;127335738.26;311412614.61;11500000;0;0;0;0;0;0;0;0;0;0;0;0;0;0;0;0;0;0;0;0;0;0;11186945.34;4415412.32;0;6771533.02;2920800.16;449231.14;0;11500000;0;0;26712313.48;0;0;4631209.13;46213553.91
05.437.916/0001-27;2016-10-01;1;831247.82;18896.51;0;812351.31;0;122558880.27;122558880.27;71393600;51165280.27;0;0;0;0;0;0;0;0;0;0;0;0;0;0;0;0;0;0;0;0;0;0;0;2036939.92;1985306.02;0;51633.9;393645;38049.59;0;0;0;0;0;0;0;146685.13;578379.72
05.437.916/0001-27;2016-11-01;1;696669.99;48119.19;0;648550.8;0;122573158.27;122573158.27;71393600;51179558.27;0;0;0;0;0;0;0;0;0;0;0;0;0;0;0;0;0;0;0;0;0;0;0;2108630.64;2067785.53;0;40845.11;393755;38049.59;0;0;0;0;0;0;0;125872.38;557676.97
05.437.916/0001-27;2016-12-01;1;553635.64;2036.49;0;551599.15;0;115313000;115313000;68691000;46622000;0;0;0;0;0;0;0;0;0;0;0;0;0;0;0;0;0;0;0;0;0;0;0;2213871.52;2165963.35;0;47908.17;358365;38049.59;0;0;0;0;0;0;0;144471.87;540886.46
06.175.262/0001-73;2016-10-01;1;393912.17;7560.6;0;0;386351.57;36344233;36344233;7835250;28508983;0;0;0;0;0;0;0;0;0;0;0;0;0;0;0;0;0;0;0;0;0;0;0;445493.25;442618.17;0;2875.08;414888.34;11202.1;0;0;0;0;0;0;0;13490.4;439580.84
06.175.262/0001-73;2016-11-01;1;408652.35;32003.82;0;0;376648.53;36344233;36344233;7835250;28508983;0;0;0;0;0;0;0;0;0;0;0;0;0;0;0;0;0;0;0;0;0;0;0;444124.45;442618.17;0;1506.28;425160.14;11202.1;0;0;0;0;0;0;0;14205.82;450568.06
06.175.262/0001-73;2016-12-01;1;403658.08;24799.66;0;0;378858.42;37264879;37264879;10447066;26817813;0;0;0;0;0;0;0;0;0;0;0;0;0;0;0;0;0;0;0;0;0;0;0;446515.19;446515.19;0;0;412741.45;11202.1;0;0;0;0;0;0;0;28490.4;452433.95
07.000.400/0001-46;2016-10-01;1;19415654.75;1236705.93;18178948.82;0;0;486000000;486000000;0;486000000;0;0;0;0;0;0;0;0;0;0;0;0;0;0;0;0;0;0;0;0;0;0;0;38586.78;0;0;38586.78;2665255.54;63919.84;0;0;0;0;0;0;0;7304418.23;10033593.61
07.000.400/0001-46;2016-11-01;1;20102104.16;1263487.45;18838616.71;0;0;486000000;486000000;0;486000000;0;0;0;0;0;0;0;0;0;0;0;0;0;0;0;0;0;0;0;0;0;0;0;29817.48;0;0;29817.48;3157640;75371.43;0;0;0;0;0;0;0;7442541.5;10675552.93
07.000.400/0001-46;2016-12-01;1;20159776.26;1305021.9;18854754.36;0;0;464300000;464300000;0;464300000;0;0;0;0;0;0;0;0;0;0;0;0;0;0;0;0;0;0;0;0;0;0;0;20171.26;0;0;20171.26;3019367.59;77095.1;0;0;0;0;0;0;0;7379284.74;10475747.43
07.583.627/0001-61;2016-10-01;1;10962587.62;3162.68;0;10959424.94;0;2827000000;2827000000;0;2827000000;0;0;0;0;0;0;0;0;0;0;0;0;0;0;0;0;0;0;0;0;0;0;0;47203819.84;14167373.25;0;33036446.59;4515828.22;186888.37;0;1314804450.66;0;0;0;0;0;6357930.66;1325865097.91
07.583.627/0001-61;2016-11-01;1;12055604.76;3296.51;0;12052308.25;0;2827000000;2827000000;0;2827000000;0;0;0;0;0;0;0;0;0;0;0;0;0;0;0;0;0;0;0;0;0;0;0;49983905.36;15452876.42;0;34531028.94;6776928.49;186889.77;0;1313144847.58;0;0;0;0;0;6384658.84;1326493324.68
07.583.627/0001-61;2016-12-01;1;14484577.97;6646.85;0;14477931.12;0;3048610000;3048610000;0;3048610000;0;0;0;0;0;0;0;0;0;0;0;0;0;0;0;0;0;0;0;0;0;0;0;59363706.08;16691290.45;0;42672415.63;14594904.96;186878.37;0;1312914213.76;0;0;0;0;0;6458677.59;1334154674.68
07.789.135/0001-27;2016-09-01;1;25393133.92;891.84;0;0;25392242.08;1196535144.78;1196535144.78;0;1196535144.78;0;0;0;0;0;0;0;0;0;0;0;0;0;0;0;0;0;0;0;0;0;0;0;19340915.23;9069555.85;0;10271359.38;4508091.5;55333.72;0;104719672.79;0;0;0;0;5069337.58;12559486.14;126911921.73
07.789.135/0001-27;2016-10-01;1;30361142.72;399291.5;0;0;29961851.22;1196647671.25;1196647671.25;0;1196647671.25;0;0;0;0;0;0;0;0;0;0;0;0;0;0;0;0;0;0;0;0;0;0;0;19996168.08;8294267.85;0;11701900.23;4508091.5;127948.23;0;103235876.16;0;0;0;0;5069337.58;12395270.19;125336523.66
07.789.135/0001-27;2016-11-01;1;34655727.04;1038.65;0;0;34654688.39;1196833745.26;1196833745.26;0;1196833745.26;0;0;0;0;0;0;0;0;0;0;0;0;0;0;0;0;0;0;0;0;0;0;0;20790391.36;7281994.99;0;13508396.37;4508091.5;131396.35;0;101520086.1;0;0;0;0;5069337.58;11633551.33;122862462.86
07.789.135/0001-27;2016-12-01;1;40211741.71;407.3;0;0;40211334.41;1274555000;1274555000;0;1274555000;0;0;0;0;0;0;0;0;0;0;0;0;0;0;0;0;0;0;0;0;0;0;0;28705955.8;15901110.7;0;12804845.1;27384162.81;120183.84;0;100391374.88;0;0;0;0;5069337.58;11625617.84;144590676.95
08.417.532/0001-30;2016-11-01;1;210017994.28;15449.46;0;0;210002544.82;351615122.68;351615122.68;0;0;351615122.68;0;0;0;0;0;0;0;0;0;0;0;0;0;0;0;0;0;0;0;0;0;0;650179515.47;646323650.56;0;3855864.91;0;176722.68;0;65756270.12;0;534615850.86;650426458.79;0;0;6557737.07;1257533039.52
08.417.532/0001-30;2016-12-01;1;202396151.7;15331.83;0;0;202380819.87;541156827.91;541156827.91;0;0;541156827.91;0;0;0;0;0;0;0;0;0;0;0;0;0;0;0;0;0;0;0;0;0;0;659510817.13;659423395.24;0;87421.89;0;204613.47;0;66289817.57;0;537664036.12;655173356.71;0;0;242035.8;1259573859.67
08.693.497/0001-82;2016-10-01;1;2663664.22;21753.57;0;0;2641910.65;136267796.46;136267796.46;0;136267796.46;0;0;0;0;0;0;0;0;0;0;0;0;0;0;0;0;0;0;0;0;0;0;0;1588538.71;1513313.91;0;75224.8;0;48296.44;0;0;0;7808.06;0;0;35549.6;269613.86;361267.96
08.693.497/0001-82;2016-11-01;1;3498924.26;153877.39;0;0;3345046.87;136448655.08;136448655.08;0;136448655.08;0;0;0;0;0;0;0;0;0;0;0;0;0;0;0;0;0;0;0;0;0;0;0;1622526.02;1610103.32;0;12422.7;748114.24;72304.2;0;0;0;6829.04;0;0;35549.6;258352.83;1121149.91
08.693.497/0001-82;2016-12-01;3;3752183.24;250227.64;0;0;3501955.6;119795000;119795000;0;119795000;0;0;0;0;0;0;0;0;0;0;0;0;0;0;0;0;0;0;0;0;0;0;0;1609654.6;1599585.9;0;10068.7;748114.24;103706.94;0;0;0;979.08;0;0;35549.6;252317.87;1140667.73
08.696.175/0001-97;2016-11-01;1;2212741.6;13688.45;0;0;2199053.15;155078471;155078471;0;155078471;0;0;0;0;0;0;0;0;0;0;0;0;0;0;0;0;0;0;0;0;0;0;0;1338227.64;993539.61;0;344688.03;223937.82;16966.42;0;0;0;383521.75;31136.2;0;0;22042.72;677604.91
08.696.175/0001-97;2016-12-01;1;1974032.87;13941.87;0;0;1960091;155078471;155078471;0;155078471;0;0;0;0;0;0;0;0;0;0;0;0;0;0;0;0;0;0;0;0;0;0;0;1656019.2;1309772.38;0;346246.82;225229.58;16966.42;0;0;0;213603.2;31586.2;0;0;22042.72;509428.12
09.006.914/0001-34;2016-10-01;1;6367085.91;6367085.91;0;0;0;124118628;124118628;0;124118628;0;0;0;0;0;0;0;0;0;0;0;0;0;0;0;0;0;0;0;0;0;0;0;184853.95;0;0;184853.95;5450901.31;0;0;0;0;0;0;0;0;276896.82;5727798.13
09.006.914/0001-34;2016-11-01;1;2044492.99;2044492.99;0;0;0;124118628;124118628;0;124118628;0;0;0;0;0;0;0;0;0;0;0;0;0;0;0;0;0;0;0;0;0;0;0;581734.14;396880.19;0;184853.95;936459.83;0;0;0;0;0;0;0;0;354711.22;1291171.05
09.006.914/0001-34;2016-12-01;2;2102668.54;2102668.54;0;0;0;133539756.1;133539756.1;0;133539756.1;0;0;0;0;0;0;0;0;0;0;0;0;0;0;0;0;0;0;0;0;0;0;0;978614.33;793760.38;0;184853.95;940698.5;11553.57;0;0;0;0;0;0;0;252027.45;1204279.52
09.150.967/0001-24;2016-10-01;1;161310.48;161310.48;;;;112668397.7;105363861.49;;59443913.77;;41030000;;4889947.72;;;;;;;;;;;;;;;7304536.21;;;;;255510.4;;211975.97;43534.43;;4166.67;;;;94400987.25;;;;5516.67;94410670.59
09.150.967/0001-24;2016-11-01;1;3695.07;3695.07;;;;112167369.79;104635895.18;;58773592.65;;41030000;;4832302.53;;;;;;;;;;151168.63;;;;;7380305.98;;;;;256573.57;;214173.94;42399.63;;4166.67;;;;93631092.17;;;;5516.67;93640775.51
09.150.967/0001-24;2016-12-01;2;10.2;10.2;;;;111772045.46;104126579.2;;58296575.18;;41055346.69;;4774657.33;;;;;;;;;;146747.14;;;;;7498719.12;;;;;257729.63;;216578.34;41151.29;;4166.67;;;;92861197.07;;;;4166.67;92869530.41
09.350.920/0001-04;2016-11-01;2;785239.61;4932.84;0;0;780306.77;97790000;97790000;0;97790000;0;0;0;0;0;0;0;0;0;0;0;0;0;0;0;0;0;0;0;0;0;0;0;807086.43;807086.43;0;0;0;30232.32;0;0;0;0;0;0;0;2426.68;32659
09.350.920/0001-04;2016-12-01;1;811216.48;21806.7;0;0;789409.78;97790000;97790000;0;97790000;0;0;0;0;0;0;0;0;0;0;0;0;0;0;0;0;0;0;0;0;0;0;0;807086.42;807086.42;0;0;0;30232.32;0;0;0;0;0;0;0;23626.68;53859
10.347.505/0001-80;2016-10-01;1;8399588.17;4415.67;0;0;8395172.5;144512574.6;0;0;0;0;0;0;0;0;0;0;0;0;0;0;4972243.04;0;0;0;0;0;0;139540331.56;0;0;0;0;5574.07;0;0;5574.07;10900957.17;75344.67;598542.48;0;0;0;0;0;0;194953.04;11769797.36
10.347.505/0001-80;2016-11-01;1;8216007.32;10000;0;0;8206007.32;185734869.1;0;0;0;0;0;0;0;0;0;0;0;0;0;0;4896042.95;0;0;0;0;0;0;159813626.09;0;21025200.06;0;0;2710.57;0;0;2710.57;0;81445.57;27149.784;0;0;0;0;0;0;26050.756;134646.11
10.347.505/0001-80;2016-12-01;1;8634779.16;6168.28;0;0;8628610.88;187560576.91;0;0;0;0;0;0;0;0;0;0;0;0;0;0;4910526.6;0;0;0;0;0;0;161419638.64;0;21230411.67;0;0;399.35;0;0;399.35;0;115346.03;24698.4308;0;0;0;0;0;0;58079.4992;198123.96
10.347.985/0001-80;2016-10-01;1;8576825.15;314719.12;8262106.03;0;0;208730000;208730000;0;208730000;0;0;0;0;0;0;0;0;0;0;0;0;0;0;0;0;0;0;0;0;0;0;0;737533.3;729771.07;0;7762.23;0;141918.04;0;0;0;0;0;0;0;892590.04;1034508.08
10.347.985/0001-80;2016-11-01;1;8360155.98;21902.28;8338253.7;0;0;208730000;208730000;0;208730000;0;0;0;0;0;0;0;0;0;0;0;0;0;0;0;0;0;0;0;0;0;0;0;803198.12;799132.19;0;4065.93;0;141832.15;0;0;0;0;0;0;0;853530.34;995362.49
10.347.985/0001-80;2016-12-01;1;8869660.39;30031.12;8839629.27;0;0;198765000;198765000;0;198765000;0;0;0;0;0;0;0;0;0;0;0;0;0;0;0;0;0;0;0;0;0;0;0;450883.19;450883.19;0;0;11334.23;155773.52;0;0;0;0;0;0;0;861499.03;1028606.78
10.348.185/0001-83;2016-10-01;1;22296671.32;8613.36;0;0;22288057.96;919583577.16;0;0;0;0;0;0;0;0;0;0;0;0;0;0;264741373.68;0;0;0;0;0;0;600838821.49;0;54003381.99;0;0;13593.7;0;0;13593.7;64344880.52;457568.35;1641064.856;0;0;0;0;0;19387258.2;1289441.044;87120212.97
10.348.185/0001-83;2016-11-01;1;159330127.58;17847.85;0;0;159312279.73;921188594.58;0;0;0;0;0;0;0;0;0;0;0;0;0;0;244331020.22;0;0;0;0;0;0;619712642.84;0;57144931.52;0;0;6776.55;0;0;6776.55;0;480987.82;802101.648;0;0;0;0;0;19387258.2;245237.362;20915585.03
10.348.185/0001-83;2016-12-01;1;88904180.27;6274.17;0;0;88897906.1;1002807256.49;0;0;0;0;0;0;0;0;0;0;0;0;0;0;254874825.11;0;0;0;0;0;0;625266785.79;0;122665645.59;0;0;548220.29;0;0;548220.29;0;630662.72;394577.56;0;0;0;0;0;19387258.2;236729.54;20649228.02
10.456.799/0001-89;2016-11-01;1;16684977.29;372714.33;0;0;16312262.96;293585978.69;227098606.7;18622619.3;182450128.85;25748716.98;0;0;277141.57;58252458.88;0;0;0;0;0;0;8234913.11;0;0;0;0;0;0;0;0;0;0;0;70541935.53;1615041.59;3069179.45;65857714.49;24206417.04;20405.79;0;17638958.99;0;61719.68;0;0;0;166778.04;42094279.54
10.456.799/0001-89;2016-12-01;1;17811740.44;325028.34;0;0;17486712.1;293584813.05;227097441.06;18622619.3;182450128.85;25748716.98;0;0;275975.93;58252458.88;0;0;0;0;0;0;8234913.11;0;0;0;0;0;0;0;0;0;0;0;70579608.91;1455558.57;3069179.45;66054870.89;24206417.04;25162.71;0;17638958.99;0;61719.68;0;0;0;165305.61;42097564.03
10.456.810/0001-00;2016-11-01;3;4403487.28;44101.96;0;0;4359385.32;53500000;53500000;0;53500000;0;0;0;0;0;0;0;0;0;0;0;0;0;0;0;0;0;0;0;0;0;0;0;1133092.39;902126;0;230966.39;240904.04;24940.51;0;0;0;0;0;0;0;3372.33;269216.88
10.456.810/0001-00;2016-12-01;1;1786849.1;26591.1;0;0;1760258;56252648.57;53500000;0;53500000;0;0;0;0;0;0;0;0;0;0;0;0;0;0;0;0;0;0;0;0;2752648.57;0;0;1087527.71;856561.32;0;230966.39;240903.94;24522.73;0;0;0;0;0;0;0;29537.33;294964
10.522.648/0001-81;2016-12-01;2;1248359.97;6875.87;0;0;1241484.1;70425699.23;70425699.23;0;70394809.3;0;0;0;30889.93;0;0;0;0;0;0;0;0;0;0;0;0;0;0;0;0;0;0;0;938515.78;349973.34;0;588542.44;224673.98;46740.87;0;0;0;0;0;0;0;75160.16;346575.01
10.991.914/0001-15;2016-10-01;1;4995629.09;5222.48;4990406.61;;;156000000;156000000;;156000000;;;;;;;;;;;;;;;;;;;;;;;;9064.28;;;9064.28;1252264.79;69586.41;0;;;;;;;371580.53;1693431.73
10.991.914/0001-15;2016-11-01;1;5071999.18;6876.17;5065123.01;;;156000000;156000000;;156000000;;;;;;;;;;;;;;;;;;;;;;;;4747.96;;;4747.96;1262203.29;69544.1;;;;;;;;374598.59;1706345.98
10.991.914/0001-15;2016-12-01;2;5128672.34;37362.29;5091310.05;;;151000000;151000000;;151000000;;;;;;;;;;;;;;;;;;;;;;;;0;;;;1260014.18;73465.38;;;;;;;;378060.36;1711539.92
11.044.355/0001-07;2016-10-01;1;300089.36;287110.57;0;0;12978.79;195543067.38;195543067.38;0;121854738.22;27856675.95;0;45831653.21;0;0;0;0;0;0;0;0;0;0;0;0;0;0;0;0;0;0;0;0;5811540.82;0;5804173.22;7367.6;0;19136.98;0;0;49421251.76;0;0;0;0;3972662.19;53413050.93
11.044.355/0001-07;2016-11-01;1;175970.97;162971.1;0;0;12999.87;196497925;196497925;0;121854738.22;27999741.06;0;46643445.72;0;0;0;0;0;0;0;0;0;0;0;0;0;0;0;0;0;0;0;0;5805157.34;0;5801173.22;3984.12;;19136.98;;;49421251.76;;;;;4110569.35;53550958.09
11.044.355/0001-07;2016-12-01;1;99631.11;86517.38;0;0;13113.73;288590997.01;288590997.01;0;225045767.83;16403906.84;0;47141322.34;0;0;0;0;0;0;0;0;0;0;0;0;0;0;0;0;0;0;0;0;5801560.9;0;5801173.22;387.68;;19136.98;;;49421251.76;;;;;4269908.09;53710296.83
11.233.841/0001-65;2016-10-01;1;857354.85;45199.2;;;812155.65;159612109.65;159612109.65;35314109.65;116498000;;7800000;;;;;;;;;;;;;;;;;;;;;;6454700.43;3474279.66;;2980420.77;;14184;;;;;;;;58009.79;72193.79
11.233.841/0001-65;2016-11-01;1;1248454.86;359382.74;0;0;889072.12;159612109.65;159612109.65;35314109.65;116498000;0;7800000;0;0;0;0;0;0;0;0;0;0;0;0;0;0;0;0;0;0;0;0;0;6855340.97;5856272.7;0;999068.27;;14184;;;;;;;;376178.6;390362.6
11.233.841/0001-65;2016-12-01;1;1774910.74;986323.81;0;0;788586.93;157779109.64;157779109.64;35814109.64;114165000;0;7800000;0;0;0;0;0;0;0;0;0;0;0;0;0;0;0;0;0;0;0;0;0;7264767.1;4444601.91;0;2820165.19;;14184.06;;;;;;;;930135.91;944319.97
11.268.335/0001-01;2016-12-01;1;63385.76;500;;;62885.76;198299012.02;165329379.83;;165329379.83;;;;;;;;;;;;18820713.92;;;;6850223.07;6333244.31;;965450.89;;;;;53823.41;53472.16;;351.25;32132.1;;5000000;;;;;;;60244.32;5092376.42
11.281.322/0001-72;2016-12-01;1;629708.75;629708.75;;;;125300000;125300000;;125300000;;;;;;;;;;;;;;;;;;;;;;;;365299.5;;;365299.5;1749.27;60875.95;;;;;;;;84968.1;147593.32
11.701.400/0001-40;2016-10-01;1;16462.55;13445.28;;;3017.27;27724045.54;27724045.54;5586000.01;20466415.87;;;1671629.66;;;;;;;;;;;;;;;;;;;;;50405.64;48103.17;;2302.47;387009.32;15628.2;;;;;;;;59345.86;461983.38
11.701.400/0001-40;2016-11-01;1;2213969.21;7278.72;;;2206690.49;27901582.08;27901582.08;5586000.01;20515608.05;;;1799974.02;;;;;;;;;;;;;;;;;;;;;81550.18;78710.79;;2839.39;387009.32;;;;;;;;;59153.21;446162.53
11.701.400/0001-40;2016-12-01;1;2124644.57;4543.19;;;2120101.38;27840485.73;27840485.73;5625294.8;20298500;;;1916690.93;;;;;;;;;;;;;;;;;;;;;76620.02;76458.99;;161.03;631055.23;;;;;;;;;86912.5;717967.73
11.945.604/0001-27;2016-10-01;1;1034888.06;1034888.06;;;;43163957.41;8518775.25;;;;;8518775.25;;;;;;;;;;;;;34645182.16;;;;;;;;23993754.59;;22530217.02;1463537.57;200684.9;25602.23;;;;;;;;931786.24;1158073.37
11.945.604/0001-27;2016-11-01;2;882245.17;882245.17;;;;43758144.65;8518775.25;;;;;8518775.25;;;;;;;;;;;;;35239369.4;;;;;;;;22315505.25;;21727037.76;588467.49;45931.01;24914.34;;;;;;;;267727.55;338572.9
11.945.604/0001-27;2016-12-01;2;1128511.58;1128511.58;;;;43256695.19;8518775.25;;;;;8518775.25;;;;;;;;;;;;;34737919.94;;;;;;;;21608498.19;;21197200.13;411298.06;53960.4;26372.05;;;;;;;;321320.36;401652.81
12.358.507/0001-09;2016-10-01;1;273;273;0;0;0;639380466.07;637297189.06;400118222.55;237178966.51;0;0;0;0;0;0;0;0;0;0;0;0;0;2083277.01;0;0;0;0;0;0;0;0;0;84647.48;0;0;84647.48;0;63229.9;0;1333333.41;0;0;0;0;0;381694.13;1778257.44
12.358.507/0001-09;2016-11-01;1;71273.3;71273.3;;;;639471906.41;635937189.06;398758222.55;237178966.51;;;;;;;;;;;;;;3534717.35;;;;;;;;;;2902406.82;;2880198.2;22208.62;71000.3;63372.15;;666666.75;;;;;;381694.13;1182733.33
12.358.507/0001-09;2016-12-01;1;273;273;;;;638474499.95;635937189.06;398758222.55;237178966.51;;;;;;;;;;;;;;2537310.89;;;;;;;;;;1700928.36;;1645848.2;55080.16;;69908.61;;;;;;;;381694.13;451602.74
12.681.340/0001-04;2016-10-01;1;4468973.89;40297.4;4428676.49;0;0;141323171.67;141323171.67;0;133548153.71;7775017.96;0;0;0;0;0;0;0;0;0;0;0;0;0;0;0;0;0;0;0;0;0;0;311995.03;0;0;311995.03;1351874.26;63488.32;0;0;0;0;0;0;0;61642.9;1477005.48
12.681.340/0001-04;2016-11-01;1;4409088.04;162901.5;4246186.54;0;0;141520849.55;141520849.55;0;133584463.71;7936385.84;0;0;0;0;0;0;0;0;0;0;0;0;0;0;0;0;0;0;0;0;0;0;1740623.62;0;0;1740623.62;1357224.14;63482.68;0;0;0;0;0;0;0;77669.35;1498376.17
12.681.340/0001-04;2016-12-01;1;4503109.18;48794.08;4454315.1;0;0;150009278.2;150009278.2;0;142529387;7479891.2;0;0;0;0;0;0;0;0;0;0;0;0;0;0;0;0;0;0;0;0;0;0;293590.66;0;0;293590.66;1728258.58;70054.81;0;0;0;0;0;0;0;88669.39;1886982.78
12.804.013/0001-00;2016-11-01;1;232075.9;1;0;0;232074.9;194059871.35;194059871.35;11880731.99;0;182179139.36;0;0;0;0;0;0;0;0;0;0;0;0;0;0;0;0;0;0;0;0;0;0;1351214.98;0;0;1351214.98;0;21098.58;0;145589663.75;0;0;0;0;0;13733892.64;159344654.97
12.804.013/0001-00;2016-12-01;1;601601.07;1;0;0;601600.07;197317397.78;197317397.78;11880731.99;0;185436665.79;0;0;0;0;0;0;0;0;0;0;0;0;0;0;0;0;0;0;0;0;0;0;737402.39;0;0;737402.39;0;24987.62;0;145580520.14;0;0;0;0;0;16922816.12;162528323.88
12.834.763/0001-17;2016-10-01;1;3369427.57;;;;3369427.57;27995822.22;0;;;;;;;;;;;;;;;;;;;;;27995822.22;;;;;98720.48;;;98720.48;96378.61;11148.41;;;;;;;;31778.35;139305.37
12.834.763/0001-17;2016-11-01;1;3502318.4;396.46;;;3501921.94;27957798.17;0;;;;;;;;;;;;;;;;;;;;;27957798.17;;;;;141318.49;;;141318.49;113716.53;11174.43;;;;;;;;37404.8;162295.76
12.834.763/0001-17;2016-12-01;1;3653894.51;564.28;;;3653330.23;27645445;0;;;;;;;;;;;;;;;;;;;;;27645445;;;;;0;;;;110645.69;12318.68;;;;;;;;3281920.09;3404884.46
12.927.767/0001-40;2016-10-01;1;1727255.06;11084.65;1716170.41;0;0;163235827.17;163235827.17;163235827.17;0;0;0;0;0;0;0;0;0;0;0;0;0;0;0;0;0;0;0;0;0;0;0;0;4600195119.23;0;0;4600195119.23;0;216367.42;0;0;0;0;0;0;0;4693475223.26;4693691590.68
12.927.767/0001-40;2016-11-01;1;943693.63;10766.92;932926.71;0;0;163235827.17;163235827.17;163235827.17;0;0;0;0;0;0;0;0;0;0;0;0;0;0;0;0;0;0;0;0;0;0;0;0;4599929221.26;0;0;4599929221.26;0;216867.42;0;0;0;0;0;0;0;4692691353.57;4692908220.99
12.927.767/0001-40;2016-12-01;1;897308.52;20215.79;877092.73;0;0;163235827.17;163235827.17;163235827.17;0;0;0;0;0;0;0;0;0;0;0;0;0;0;0;0;0;0;0;0;0;0;0;0;4599605598.36;0;0;4599605598.36;0;216867.42;0;0;0;0;0;0;0;4692695274.72;4692912142.14
12.948.291/0001-23;2016-11-01;1;1177456.43;7287.37;0;0;1170169.06;94200000;94200000;0;94200000;0;0;0;0;0;0;0;0;0;0;0;0;0;0;0;0;0;0;0;0;0;0;0;915959.49;857542.56;0;58416.93;46235.27;21952.57;0;0;0;0;0;0;0;2746.13;70933.97
12.948.291/0001-23;2016-12-01;1;1095454.56;3796.06;0;0;1091658.5;94200000;94200000;0;94200000;0;0;0;0;0;0;0;0;0;0;0;0;0;0;0;0;0;0;0;0;0;0;0;563480.72;563480.72;0;0;9435.14;21952.61;0;0;0;0;0;0;0;28911.13;60298.88
12.978.943/0001-72;2016-10-01;2;5224385.32;5224385.32;;;;346465371.55;346465371.55;;66880024.16;208353548.59;;;71231798.8;;;;;;;;;;;;;;;;;;;;63638523.12;;;63638523.12;;4166.67;;;;410194364.55;;;;9865459.15;420063990.37
12.978.943/0001-72;2016-11-01;1;6264853.58;6264853.58;;;;353387074.08;353387074.08;;66514559.55;215715438.9;;;71157075.63;;;;;;;;;;;;;;;;;;;;54716323.92;;;54716323.92;;208.33;;;;409925922.73;;;;9282474.27;419208605.33
12.978.943/0001-72;2016-12-01;2;2885268.3;2885268.3;;;;358860952.87;358460557.1;;66149094.93;221229109.72;;;71082352.45;;;;;;;;;;400395.77;;;;;;;;;;50123102.84;;;50123102.84;;4166.67;;;;410089960.94;;;;6770798.09;416864925.7
12.989.974/0001-29;2016-10-01;1;39924257.27;10418.3;36418294.31;0;3495544.66;10286821762.71;758948833.51;268111930.7;0;356874437.67;0;133962465.14;0;0;0;0;0;0;0;0;71395.2;0;0;0;51114476.83;0;9476687057.17;0;0;0;0;0;146672652.96;0;0;146672652.96;0;4666773.07;0;0;0;0;0;0;0;4607606289.91;4612273062.98
12.989.974/0001-29;2016-11-01;1;35164681.43;12683.39;31622870.39;0;3529127.65;10286821496.81;758948833.51;268111930.7;0;356874437.67;0;133962465.14;0;0;0;0;0;0;0;0;71129.3;0;0;0;51114476.83;0;9476687057.17;0;0;0;0;0;146891482.65;0;0;146891482.65;0;4672761.94;0;0;0;0;0;0;0;4607328978.3;4612001740.24
12.989.974/0001-29;2016-12-01;2;29869538.3;20022.12;26748505.22;0;3101010.96;7084048564.07;902381930.7;268111930.7;0;530000000;0;104270000;0;0;0;0;0;0;0;0;72862;0;0;0;49514985.77;0;6132078785.6;0;0;0;0;0;302424048.82;0;0;302424048.82;0;5135620.03;0;0;0;0;0;0;0;5000996954.95;5006132574.98
13.012.312/0001-67;2016-11-01;1;3284.05;3284.05;;;;239596522.68;239485664.21;;205225247.54;;;;34260416.67;;;;;;;;;;110858.47;;;;;;;;;;807178.93;;;807178.93;;208.33;;;;240533831.08;;;;1655785.05;242189824.46
13.012.312/0001-67;2016-12-01;1;3284.05;3284.05;;;;237320580.24;237208581.45;;203203521.93;;;;34005059.52;;;;;;;;;;111998.79;;;;;;;;;;806762.7;;;806762.7;;3787.88;;;;238260532.8;;;;1658906.64;239923227.32
13.022.994/0001-99;2016-11-01;1;1955340.18;50501.01;0;0;1904839.17;716704788.16;716704788.16;0;716704788.16;0;0;0;0;0;0;0;0;0;0;0;0;0;0;0;0;0;0;0;0;0;0;0;6337808.44;3237927.93;0;3099880.51;437438.29;38598.28;0;0;0;2745478.47;0;0;0;9231342.87;12452857.91
13.022.994/0001-99;2016-12-01;1;2045672.15;16636.18;0;0;2029035.97;723843500;723843500;0;723843500;0;0;0;0;0;0;0;0;0;0;0;0;0;0;0;0;0;0;0;0;0;0;0;9749967.51;6157653.63;0;3592313.88;12162842.37;38531.93;0;0;0;2786269.14;0;0;403142.57;8716333.79;24107119.8
13.320.290/0001-00;2016-10-01;1;252118.32;911.07;0;0;251207.25;44796114.77;44796114.77;0;44796114.77;0;0;0;0;0;0;0;0;0;0;0;0;0;0;0;0;0;0;0;0;0;0;0;162771.27;0;0;162771.27;0;10000;0;0;0;0;0;0;0;46819.36;56819.36
13.320.290/0001-00;2016-11-01;1;332842.63;0;0;0;332842.63;44796114.77;44796114.77;0;44796114.77;0;0;0;0;0;0;0;0;0;0;0;0;0;0;0;0;0;0;0;0;0;0;0;56357.92;0;0;56357.92;0;10000;0;0;0;0;0;0;0;51480.39;61480.39
13.320.290/0001-00;2016-12-01;1;332842.63;0;0;0;332842.63;44796114.77;44796114.77;0;44796114.77;0;0;0;0;0;0;0;0;0;0;0;0;0;0;0;0;0;0;0;0;0;0;0;56357.92;0;0;56357.92;0;10000;0;0;0;0;0;0;0;51480.39;61480.39
13.371.132/0001-71;2016-10-01;1;143449237.95;9180.44;10014132.14;;133425925.37;564484713.83;9816000;;;;9816000;;;;;;;;;;179600279.93;;;;;;;99962879.38;;275105554.52;;;469780.43;;;469780.43;5807649.6;;;;;;;;;1370905.82;7178555.42
13.371.132/0001-71;2016-11-01;1;137264699.1;10000;10118107.51;;127136591.59;561737345.07;9816000;;9816000;;;;;;;;;;;;179797569.56;;;;;;;97701289.87;;274422485.64;;;9863.5;;;9863.5;5549531.84;;;;;;;;;1516539.57;7066071.41
13.371.132/0001-71;2016-12-01;1;108930080.72;14050.02;;;108916030.7;588776723.94;7462000;;7462000;;;;;;;;;;;;178673270.25;;;;;;;95452506.39;;307188947.3;;;1101879.2;;;1101879.2;5743120.16;579199.06;;271708.85;;;;;;569800.81;7163828.88
13.464.208/0001-03;2016-10-01;1;486063.36;27171.97;0;0;458891.39;15103632.89;0;0;0;0;0;0;0;0;0;0;0;0;0;0;0;0;0;0;0;0;0;15103632.89;0;0;0;0;71423.44;0;0;71423.44;106827.87;8075;0;0;0;0;0;0;0;362624.04;477526.91
13.464.208/0001-03;2016-11-01;1;391487.93;255890.24;;;135597.69;14869762.96;0;0;0;0;0;0;0;0;0;0;0;0;0;0;0;0;0;0;0;0;0;14869762.96;0;0;0;0;44149.9;0;0;44149.9;76729.71;8075;0;0;0;0;0;0;0;310665.72;395470.43
13.464.208/0001-03;2016-12-01;1;352337.82;35371.88;;;316965.94;14660784.55;0;0;0;0;0;0;0;0;0;0;0;0;0;0;0;0;0;0;0;0;0;14660784.55;0;0;0;0;69602.05;0;0;69602.05;148658.71;8075;0;0;0;0;0;0;0;234715.5;391449.21
13.500.306/0001-59;2016-11-01;1;2461361.48;5782.48;0;0;2455579;127440000;127440000;0;127440000;0;0;0;0;0;0;0;0;0;0;0;0;0;0;0;0;0;0;0;0;0;0;0;800740.67;800740.67;0;0;107956.64;17046.39;0;0;0;0;0;0;0;2830.1;127833.13
13.500.306/0001-59;2016-12-01;2;2500100.7;46038.15;0;0;2454062.55;127440000;127440000;0;127440000;0;0;0;0;0;0;0;0;0;0;0;0;0;0;0;0;0;0;0;0;0;0;0;800740.67;800740.67;0;0;115762.97;17046.4;0;0;0;0;0;0;0;31284.17;164093.54
13.568.181/0001-07;2016-11-01;1;452.37;452.37;;;;102280000.89;101067973.97;;93996734.87;;;;7071239.1;;;;;;;;;;76595.23;;;;;1135431.69;;;;;90474.38;;;90474.38;;4166.67;;;;99281431.46;;;;446000.96;99731599.09
13.568.181/0001-07;2016-12-01;2;767.5;767.5;;;;101406312.47;100185340.44;;93170188.81;;;;7015151.63;;;;;;;;;;67322.94;;;;;1153649.09;;;;;90058.15;;;90058.15;;4166.67;;;;98421710.49;;;;445067.63;98870944.79
13.584.584/0001-31;2016-10-01;1;352870.5;811.98;352058.52;0;0;49241003.95;0;0;0;0;0;0;0;0;0;0;0;0;0;0;0;0;0;0;49241003.95;0;0;0;0;0;0;0;3120.35;0;0;3120.35;0;26532.77;0;0;0;0;0;0;0;6411.8;32944.57
13.584.584/0001-31;2016-11-01;1;286713.99;851.41;285862.58;;;49241003.95;0;;;;;;;;;;;;;;;;;;49241003.95;;;;;;;;28035.91;;;28035.91;;66264.2;;;;;;;;7025.8;73290
13.584.584/0001-31;2016-12-01;1;216204.78;674.2;215530.58;;;49241471.13;0;;;;;;;;;;;;;;;;;;49241003.95;;;;;;;467.18;0;;;;;72750.98;;;;;;;;7701.2;80452.18
13.652.006/0001-95;2016-10-01;1;226798.89;1225.82;;;225573.07;106304000;106304000;;106304000;;;;;;;;;;;;;;;;;;;;;;;;751571.38;745162.4;;6408.98;721704.74;19512.03;;;;;;;;6100;747316.77
13.652.006/0001-95;2016-11-01;1;245907.3;1478.76;0;0;244428.54;106304000;106304000;0;106304000;0;0;0;0;0;0;0;0;0;0;0;0;0;0;0;0;0;0;0;0;0;0;0;191069.86;187712.08;0;3357.78;159509.58;19462.17;0;0;0;0;0;0;0;15392.34;194364.09
13.652.006/0001-95;2016-12-01;1;278847.28;6382.28;0;0;272465;99000000;99000000;0;99000000;0;0;0;0;0;0;0;0;0;0;0;0;0;0;0;0;0;0;0;0;0;0;0;188099.76;187712.08;0;387.68;201632.33;21411.74;0;0;0;0;0;0;0;41099.84;264143.91
13.726.079/0001-84;2016-10-01;1;15114.23;4668.25;0;0;10445.98;362445000;0;0;0;0;0;0;0;0;0;0;0;0;0;0;0;0;0;0;362445000;0;0;0;0;0;0;0;3822.7;0;0;3822.7;0;25200;0;0;0;0;0;0;0;316082469.04;316107669.04
13.726.079/0001-84;2016-11-01;1;12420.47;1868.25;0;0;10552.22;362445000;0;0;0;0;0;0;0;0;0;0;0;0;0;0;0;0;0;0;362445000;0;0;0;0;0;0;0;2002.36;0;0;2002.36;0;25200;0;0;0;0;0;0;0;312693025.4;312718225.4
13.726.079/0001-84;2016-12-01;1;12643.98;2149.2;0;0;10494.78;362445000;0;0;0;0;0;0;0;0;0;0;0;0;0;0;0;0;0;0;362445000;0;0;0;0;0;0;0;0;0;0;0;0;25200;0;0;0;0;0;0;0;309303581.74;309328781.74
13.842.683/0001-76;2016-10-01;1;1878601.22;910.08;0;1877691.14;0;29831061.21;2890000;0;2890000;0;0;0;0;0;0;0;0;0;0;0;0;0;0;0;0;0;0;26941061.21;0;0;0;0;1098271.78;0;0;1098271.78;0;58528.87;0;0;0;0;0;0;0;20654.58;79183.45
13.842.683/0001-76;2016-11-01;1;1951763.34;910.08;;1950853.26;;29726825.97;2890000;;2890000;;;;;;;;;;;;;;;;;;;26836825.97;;;;;1082531.13;;;1082531.13;;58242.22;;;;;;;;20654.58;78896.8
13.842.683/0001-76;2016-12-01;1;12105130.69;910.08;;12104220.61;;30375769.49;2940000;;2940000;;;;;;;;;;;;;;;;;;;27435769.49;;;;;1035918.22;;;1035918.22;;66356.96;;;;;;;;20654.58;87011.54
13.873.457/0001-52;2016-10-01;1;41093329.77;2000;39968172.97;0;1123156.8;71511051.35;71511051.35;0;0;71511051.35;0;0;0;0;0;0;0;0;0;0;0;0;0;0;0;0;0;0;0;0;0;0;555973.42;400972.57;0;155000.85;827750;31685.06;0;0;0;0;0;0;0;2357.49;861792.55
13.873.457/0001-52;2016-11-01;1;41168254.69;2000;40350079.13;0;816175.56;58411051;58411051;0;0;58411051;0;0;0;0;0;0;0;0;0;0;0;0;0;0;0;0;0;0;0;0;0;0;561511.48;400972.56;0;160538.92;827750;31514.44;0;0;0;0;0;0;0;2350.88;861615.32
13.873.457/0001-52;2016-12-01;1;41293361.89;2000;40602123.98;0;689237.91;58411051;58411051;0;0;58411051;0;0;0;0;0;0;0;0;0;0;0;0;0;0;0;0;0;0;0;0;0;0;616615.44;400972.57;0;215642.87;1151325;31731.37;0;0;0;0;0;0;0;33359.16;1216415.53
13.920.018/0001-53;2016-10-01;1;488484.81;1403.46;0;0;487081.35;77741160;77741160;0;77741160;0;0;0;0;0;0;0;0;0;0;0;0;0;0;0;0;0;0;0;0;0;0;0;11471697.71;109711.07;0;11361986.64;0;35000;0;31416020.87;0;1858062.5;0;0;0;1598423.41;34907506.78
14.056.001/0001-62;2016-10-01;1;2306554.24;14155.57;;;2292398.67;33014629.51;33014629.51;12610604.71;;;14029814.78;6374210.02;;;;;;;;;;;;;;;;;;;;;34690887.37;;33420058.02;1270829.35;;0;;2733581.57;;;;;;66382.99;2799964.56
14.056.001/0001-62;2016-11-01;1;21906537.62;15016969.4;0;0;6889568.22;16241011.4;16241011.4;0;0;0;7397366.61;0;8843644.79;0;0;0;0;0;0;0;0;0;0;0;0;0;0;0;0;0;0;0;31834737.38;0;31818335.39;16401.99;0;0;0;0;0;0;0;0;0;12000.74;12000.74
14.056.001/0001-62;2016-12-01;2;24219076.69;6613.16;0;0;24212463.53;16247142.26;16247142.26;0;0;0;9525086.61;6652055.65;70000;0;0;0;0;0;0;0;0;0;0;0;0;0;0;0;0;0;0;0;29051406.62;0;29035913.19;15493.43;6653323.55;0;0;0;0;0;0;0;0;89468.7;6742792.25
14.080.689/0001-16;2016-10-01;1;7470618.6;126539.6;0;0;7344079;104499915.03;0;0;0;0;0;0;0;0;0;0;0;0;0;0;2345993.2;0;0;0;0;0;0;102153921.83;0;0;0;0;1090125.93;0;0;1090125.93;1059277.44;86610.08;0;0;0;0;0;0;1912538.89;46455.26;3104881.67
14.080.689/0001-16;2016-11-01;1;9238199.47;3029.4;0;0;9235170.07;103184510.36;0;0;0;0;0;0;0;0;0;0;0;0;0;0;2447934.84;0;0;0;0;0;0;100736575.52;0;0;0;0;939851.37;0;0;939851.37;906588.8;86778.83;552265.96;;;;;;1919282.98;46580.6;3511497.17
14.080.689/0001-16;2016-12-01;1;2896070.36;131958.7;0;0;2764111.66;110287573.81;0;0;0;0;0;0;0;0;0;0;0;0;0;0;2428347.8;0;0;0;0;0;0;107859226.01;0;0;0;0;387.68;0;0;387.68;534410.24;95666.04;552265.96;;;;;;2371918.91;46758.34;3601019.49
14.088.246/0001-71;2016-10-01;1;308362.34;1000;;307362.34;;72250670.76;72250670.76;;72250670.76;;;;;;;;;;;;;;;;;;;;;;;;7656.72;;;7656.72;;23000;;;;;;;;11115.87;34115.87
14.088.246/0001-71;2016-11-01;1;307709.79;1000;;306709.79;;72250670.76;72250670.76;;72250670.76;;;;;;;;;;;;;;;;;;;;;;;;5235.43;;;5235.43;;23000;;;;;;;;11115.87;34115.87
14.088.246/0001-71;2016-12-01;1;313513.7;1000;;312513.7;;96539000;96539000;;96539000;;;;;;;;;;;;;;;;;;;;;;;;2261.76;;;2261.76;;23000;;;;;;;;11115.87;34115.87
14.217.108/0001-45;2016-10-01;1;5813836.94;33100.2;0;0;5780736.74;242816539.12;242816539.12;40824700;201991839.12;0;0;0;0;0;0;0;0;0;0;0;0;0;0;0;0;0;0;0;0;0;0;0;1982858.84;1530839.53;0;452019.31;1733050;431973.22;0;0;0;0;0;0;0;1440543.54;3605566.76
14.217.108/0001-45;2016-11-01;1;5311555.39;12099.12;0;0;5299456.27;251140281.07;251140281.07;40824700;202125145.07;0;8190436;0;0;0;0;0;0;0;0;0;0;0;0;0;0;0;0;0;0;0;0;0;2486820.04;2068446.88;0;418373.16;1746750;520199.01;0;8000000;0;0;0;0;0;1273680.2;11540629.21
14.217.108/0001-45;2016-12-01;1;5141330.59;6095.23;0;0;5135235.36;226105511.64;226105511.64;27908600;198196911.64;0;;0;0;0;0;0;0;0;0;0;0;0;0;0;0;0;0;0;0;0;0;0;11293936.28;2001719.01;0;9292217.27;1918000;521019.8;0;0;0;0;0;0;0;1130363.12;3569382.92
14.365.190/0001-55;2016-10-01;1;403412.39;99.65;0;0;403312.74;75738634.77;75738634.77;0;0;0;75738634.77;0;0;0;0;0;0;0;0;0;0;0;0;0;0;0;0;0;0;0;0;0;4911.73;0;0;4911.73;0;25516.98;0;0;0;0;0;0;0;80254.07;105771.05
14.365.190/0001-55;2016-11-01;1;319191.04;228.16;0;0;318962.88;75738634.77;75738634.77;0;0;0;75738634.77;0;0;0;0;0;0;0;0;0;0;0;0;0;0;0;0;0;0;0;0;0;3632.21;0;0;3632.21;0;25516.98;0;0;0;0;0;0;0;30737.97;56254.95
14.365.190/0001-55;2016-12-01;1;232304.56;475.99;0;0;231828.57;75738634.77;75738634.77;0;0;0;75738634.77;0;0;0;0;0;0;0;0;0;0;0;0;0;0;0;0;0;0;0;0;0;257.86;0;0;257.86;0;20880.64;0;0;0;0;0;0;0;83252.07;104132.71
14.410.722/0001-29;2016-10-01;1;80997770.28;40498.34;80957271.94;0;0;1419883463.75;1326837596.05;0;1326837596.05;0;0;0;0;0;0;0;0;0;0;0;0;0;0;0;0;0;0;8536486.01;0;84509381.69;0;0;5536909.68;0;0;5536909.68;15565473.31;459146.3;0;0;0;0;0;0;559466.33;801174.93;17385260.87
14.410.722/0001-29;2016-11-01;1;118310817.74;37032.54;118273785.2;0;0;1382933199.76;1327562315.5;0;1327562315.5;0;0;0;0;0;0;0;0;0;0;0;0;0;0;0;0;0;0;8643522.98;0;46727361.28;0;0;5498741.06;0;0;5498741.06;15569526.3;459146.3;0;0;0;0;0;0;559466.33;635988.78;17224127.71
14.410.722/0001-29;2016-12-01;1;118134859.75;44893.37;118089966.38;0;0;1384180530.12;1328217550.78;0;1328217550.78;0;0;0;0;0;0;0;0;0;0;0;0;0;0;0;0;0;0;8760793.02;0;47202186.32;0;0;5470639.55;0;0;5470639.55;22138461.2;505060.93;0;0;0;0;0;0;559466.33;670851.82;23873840.28
14.422.044/0001-14;2016-10-01;1;8399588.17;4415.67;0;0;8395172.5;144512574.6;0;0;0;0;0;0;0;0;0;0;0;0;0;0;4972243.04;0;0;0;0;0;0;139540331.56;0;0;0;0;5574.07;0;0;5574.07;10900957.17;75344.67;598542.48;0;0;0;0;0;0;194953.04;11769797.36
14.422.044/0001-14;2016-11-01;1;53797116.05;10000;0;0;53787116.05;98175385.45;0;0;0;0;0;0;0;0;0;0;0;0;0;0;5018494.21;0;0;0;0;0;0;93156891.24;0;0;0;0;4065.93;0;0;4065.93;0;80640.86;186439.272;0;0;0;0;0;0;310412.788;577492.92
14.422.044/0001-14;2016-12-01;1;64241748.65;6904.35;0;0;64234844.3;89212176.59;0;0;0;0;0;0;0;0;0;0;0;0;0;0;5033340.1;0;0;0;0;0;0;84178836.49;0;0;0;0;399.35;0;0;399.35;3061137.84;89948.24;135762.83;0;0;0;0;0;0;91398.44;3378247.35
14.609.653/0001-87;2016-10-01;1;2169937.28;681.06;2169256.22;;;84641225.07;84641225.07;;;84641225.07;;;;;;;;;;;;;;;;;;;;;;;293632.16;;;293632.16;;54090.14;;638987.57;;;;;;57819.56;750897.27
14.609.653/0001-87;2016-11-01;1;2136263.32;2814.83;2133448.49;;;84641225.07;84641225.07;;;84641225.07;;;;;;;;;;;;;;;;;;;;;;;281201.23;;;281201.23;;34171.17;;638987.57;;;;;;57819.56;730978.3
14.609.653/0001-87;2016-12-01;1;2142501.81;2396.43;2140105.38;;;84641225.07;84641225.07;;;84641225.07;;;;;;;;;;;;;;;;;;;;;;;276001.05;;;276001.05;;55762.14;;638987.57;;;;;;57819.56;752569.27
14.631.148/0001-39;2016-12-01;1;2291980.62;5135.17;2286845.45;0;0;86581516.36;85599233.19;85599233.19;0;0;0;0;0;0;0;0;0;0;0;0;0;982283.17;0;0;0;0;0;0;0;0;0;0;4130.72;0;0;4130.72;0;80586.05;0;0;0;0;0;0;0;421123.33;501709.38
14.665.312/0001-29;2016-10-01;2;589349.62;1423.69;;;587925.93;12928987.92;12928987.92;;;;12928987.92;;;;;;;;;;;;;;;;;;;;;;2354151.94;;2348132.41;6019.53;;;;;58701.29;;;;;21745.51;80446.8
14.665.312/0001-29;2016-11-01;1;815718.98;1074.94;;;814644.04;12790754.26;12790754.26;;;;12790754.26;;;;;;;;;;;;;;;;;;;;;;2273441.79;;2267499.49;5942.3;;;;;;;;;;89873.64;89873.64
14.665.312/0001-29;2016-12-01;1;930633.43;205829.01;;;724804.42;12790754.26;12790754.26;;;;12790754.26;;;;;;;;;;;;;;;;;;;;;;2101627.22;;2097213.66;4413.56;245000;;;;;;;;;121580.95;366580.95
14.721.889/0001-00;2016-10-01;1;947171.96;0;0;0;947171.96;142972500;142972500;0;142972500;0;0;0;0;0;0;0;0;0;0;0;0;0;0;0;0;0;0;0;0;0;0;0;953212.41;945450.18;0;7762.23;0;24196.8;0;0;0;0;0;0;0;22033.26;46230.06
14.721.889/0001-00;2016-11-01;1;1046822.57;0;0;0;1046822.57;142972500;142972500;0;142972500;0;0;0;0;0;0;0;0;0;0;0;0;0;0;0;0;0;0;0;0;0;0;0;949516.11;945450.18;0;4065.93;0;24196.8;0;0;0;0;0;0;0;23217.51;47414.31
14.721.889/0001-00;2016-12-01;1;1135682.52;0;0;0;1135682.52;130753983.5;130753983.5;0;130753983.5;0;0;0;0;0;0;0;0;0;0;0;0;0;0;0;0;0;0;0;0;0;0;0;765649.41;765649.41;0;0;0;24196.8;0;0;0;0;0;0;0;24520.13;48716.93
14.733.211/0001-48;2016-11-01;1;575575.49;575575.49;0;0;0;81632616;81632616;0;81632616;0;0;0;0;0;0;0;0;0;0;0;0;0;0;0;0;0;0;0;0;0;0;0;191184.85;81818;0;109366.85;65633.61;22491.11;0;0;0;6226.2;0;0;0;294901.45;389252.37
14.733.211/0001-48;2016-12-01;1;597403.92;597403.92;0;0;0;78644561.8;78644561.8;0;78644561.8;0;0;0;0;0;0;0;0;0;0;0;0;0;0;0;0;0;0;0;0;0;0;0;1256074.52;1157253.1;0;98821.42;80118.28;20294.65;0;0;0;0;0;0;0;299019.1;399432.03
14.786.587/0001-10;2016-10-01;1;7711524.26;0;0;0;7711524.26;147343569.23;8023063.63;0;0;8023063.63;0;0;0;0;0;0;0;0;0;0;0;0;0;0;0;83991660;0;0;0;55328845.6;0;0;5174.77;0;0;5174.77;0;36854.81;0;0;0;0;0;0;0;61894213.29;61931068.1
14.786.587/0001-10;2016-11-01;1;7198892.21;0;0;0;7198892.21;147871587.21;8023063.63;0;0;8023063.63;0;0;0;0;0;0;0;0;0;0;0;0;0;0;0;83991660;0;0;0;55856863.58;0;0;2710.57;0;0;2710.57;0;37622.68;0;0;0;0;0;0;0;59373084.79;59410707.47
14.786.587/0001-10;2016-12-01;1;4888298.72;0;0;0;4888298.72;148447886.82;8023063.63;0;0;8023063.63;0;0;0;0;0;0;0;0;0;0;0;0;0;0;0;83991660;0;0;0;56433163.19;0;0;0;0;0;0;0;41879.49;0;0;0;0;0;0;0;57261351.04;57303230.53
14.788.476/0001-43;2016-10-01;1;1796.27;1796.27;;;;20345831.21;20345831.21;;;;20345831.21;;;;;;;;;;;;;;;;;;;;;;2763353.73;;2763353.73;;;4464.29;;22723402.46;;;;;;;22727866.75
14.788.476/0001-43;2016-11-01;1;1796.27;1796.27;;;;20345831.21;20345831.21;;;;20345831.21;;;;;;;;;;;;;;;;;;;;;;2763353.73;;2763353.73;;;4494.49;;22728402.46;;;;;;;22732896.95
14.788.476/0001-43;2016-12-01;1;1796.27;1796.27;;;;20345831.21;20345831.21;;;;20345831.21;;;;;;;;;;;;;;;;;;;;;;2763353.73;;2763353.73;;;4527.28;;22733402.46;;;;;;;22737929.74
14.793.782/0001-78;2016-10-01;1;849640.99;10661.55;838979.44;0;0;70107681.58;70107681.58;0;70107681.58;0;0;0;0;0;0;0;0;0;0;0;0;0;0;0;0;0;0;0;0;0;0;0;383808.59;364072.23;0;19736.36;114741.49;27039.59;0;0;0;0;0;0;0;60136.09;201917.17
14.793.782/0001-78;2016-11-01;1;886116.23;11619.3;874496.93;0;0;70107681.58;70107681.58;0;70107681.58;0;0;0;0;0;0;0;0;0;0;0;0;0;0;0;0;0;0;0;0;0;0;0;392089.83;374072.23;0;18017.6;143807.93;27049.05;0;0;0;0;0;0;0;66287.14;237144.12
14.793.782/0001-78;2016-12-01;1;927254.52;10228.67;917025.85;0;0;63230993;63230993;0;63230993;0;0;0;0;0;0;0;0;0;0;0;0;0;0;0;0;0;0;0;0;0;0;0;399364.38;383227.5;0;16136.88;175486.16;29768;0;0;0;0;0;0;0;72058.51;277312.67
15.006.286/0001-90;2016-10-01;1;3014742.54;213656.89;0;0;2801085.65;236700000;236700000;0;236700000;0;0;0;0;0;0;0;0;0;0;0;0;0;0;0;0;0;0;0;0;0;0;0;1792313.97;1783013.91;0;9300.06;1739400;39497.21;0;0;0;212031.28;0;0;0;2873.38;1993801.87
15.006.286/0001-90;2016-11-01;1;2813993.62;124342.55;0;0;2689651.07;248400000;248400000;0;248400000;0;0;0;0;0;0;0;0;0;0;0;0;0;0;0;0;0;0;0;0;0;0;0;1890490.03;1885618.57;0;4871.46;1739400;39554.1;0;0;0;0;0;0;0;2879.18;1781833.28
15.006.286/0001-90;2016-12-01;1;3115488.95;12342.94;0;0;3103146.01;248400000;248400000;0;248400000;0;0;0;0;0;0;0;0;0;0;0;0;0;0;0;0;0;0;0;0;0;0;0;1810325.53;1809929.2;0;396.33;1739400;43750.2;0;0;0;180264.75;0;0;0;35171.15;1998586.1
15.098.422/0001-19;2016-10-01;1;33065.86;0;0;0;33065.86;137595864.77;137595864.77;0;137595864.77;0;0;0;0;0;0;0;0;0;0;0;0;0;0;0;0;0;0;0;0;0;0;0;5174.77;0;0;5174.77;0;23559.99;0;0;0;0;0;0;0;16406.77;39966.76
15.098.422/0001-19;2016-11-01;1;149264.61;0;0;0;149264.61;137595864.77;137595864.77;0;137595864.77;0;0;0;0;0;0;0;0;0;0;0;0;0;0;0;0;0;0;0;0;0;0;0;2710.57;0;0;2710.57;113401.8;23559.99;0;0;0;0;0;0;0;17909.03;154870.82
15.098.422/0001-19;2016-12-01;1;264171.24;0;0;0;264171.24;122695129;122695129;0;122695129;0;0;0;0;0;0;0;0;0;0;0;0;0;0;0;0;0;0;0;0;0;0;0;0;0;0;0;226803.6;23559.99;0;0;0;0;0;0;0;19561.44;269925.03
15.296.696/0001-12;2016-10-01;1;1358006.77;27315.45;0;0;1330691.32;155000000;155000000;0;155000000;0;0;0;0;0;0;0;0;0;0;0;0;0;0;0;0;0;0;0;0;0;0;0;1057799.11;1046577.62;0;11221.49;857652.69;80758.76;0;0;0;0;0;0;0;318317.05;1256728.5
15.296.696/0001-12;2016-11-01;1;1258129.89;16380.78;0;0;1241749.11;155000000;155000000;0;155000000;0;0;0;0;0;0;0;0;0;0;0;0;0;0;0;0;0;0;0;0;0;0;0;1241883.18;1234882.29;0;7000.89;710329.42;119297.97;0;0;0;0;0;0;0;320849.08;1150476.47
15.296.696/0001-12;2016-12-01;1;1567709.1;44993.39;0;0;1522715.71;145000000;145000000;0;145000000;0;0;0;0;0;0;0;0;0;0;0;0;0;0;0;0;0;0;0;0;0;0;0;777117.17;774372.75;0;2744.42;1049460.21;85800.71;0;0;0;0;0;0;0;345010.16;1480271.08
15.394.563/0001-89;2016-10-01;1;6235391.21;70822.1;6164569.11;0;0;105781468.12;0;0;0;0;0;0;0;0;0;0;0;0;0;0;1122408.44;0;0;0;0;0;0;104659059.68;0;0;0;0;1177921.89;0;0;1177921.89;1171730.98;48375.16;0;0;0;0;0;0;543011.44;6864.44;1769982.02
15.394.563/0001-89;2016-11-01;1;7368583.26;40009.09;7328574.17;0;0;104860802.14;0;0;0;0;0;0;0;0;0;0;0;0;0;0;1122774.59;0;0;0;0;0;0;103738027.55;0;0;0;0;1164275.38;0;0;1164275.38;1161524.26;48413.3;0;0;0;0;0;0;543011.44;6859.65;1759808.65
15.394.563/0001-89;2016-12-01;1;8495657.24;95617.87;8400039.37;0;0;103962751.26;0;0;0;0;0;0;0;0;0;0;0;0;0;0;1118548.55;0;0;0;0;0;0;102844202.71;0;0;0;0;92634.05;0;0;92634.05;1200647.46;53369.95;25915.18;0;0;0;0;0;543011.44;6859.72;1829803.75
15.447.110/0001-73;2016-12-01;1;200072.54;200072.54;;;;423350108.15;423350108.15;;423350108.15;;;;;;;;;;;;;;;;;;;;;;;;0;;;;;1727.28;;;;;;;;281550108.15;281551835.43
15.461.076/0001-91;2016-11-01;1;29369965.29;4313.68;13844243;0;15521408.61;159525738.75;159525738.75;;;158683638;;;842100.75;;;;;;;;;;;;;;;;;;;;1815525.33;;;1815525.33;;174232.54;;7553744.57;;;;;;44613.66;7772590.77
15.461.076/0001-91;2016-12-01;1;29410050.97;4757.86;13714552.78;0;15690740.33;165239120.09;165239120.09;;;164396105.81;;;843014.28;;;;;;;;;;;;;;;;;;;;0;;;0;;192888.92;;7353744.57;;;;;;46957.89;7593591.38
15.570.431/0001-60;2016-10-01;2;3226589.51;2087.79;3224501.72;0;0;64605069.79;64605069.79;0;61813910.02;1310342.96;0;0;1480816.81;0;0;0;0;0;0;0;0;0;0;0;0;0;0;0;0;0;0;0;835912.89;419829.53;0;416083.36;500862.3;27190.6;0;1140000;0;0;0;0;0;727467.61;2395520.51
15.570.431/0001-60;2016-11-01;1;3227961.16;63115.12;3164846.04;0;0;64649726.68;64649726.68;0;61858566.91;1310342.96;0;0;1480816.81;0;0;0;0;0;0;0;0;0;0;0;0;0;0;0;0;0;0;0;935339.16;521944.3;0;413394.86;554617.96;27190.6;0;1140000;0;0;0;0;0;799712.6;2521521.16
15.570.431/0001-60;2016-12-01;1;3149061.29;17464.5;3131596.79;0;0;59580094.97;59580094.97;0;58099278.16;0;0;0;1480816.81;0;0;0;0;0;0;0;0;0;0;0;0;0;0;0;0;0;0;0;643111.82;642853.96;0;257.86;500156.36;27190.68;0;0;0;0;0;0;0;296341.56;823688.6
15.576.907/0001-70;2016-11-01;2;8965554.27;2007156.08;0;0;6958398.19;430761262.93;285537880.83;0;252902500;32635380.83;0;0;0;0;0;0;0;0;0;0;0;0;0;0;0;0;0;0;0;145223382.1;0;0;2527443.4;2425293.77;0;102149.63;3536610;149752.55;0;0;0;0;0;0;0;361358.11;4047720.66
15.576.907/0001-70;2016-12-01;1;7260942.77;2257437.86;0;0;5003504.91;432321103.43;285641552.53;0;252902500;32739052.53;0;0;0;0;0;0;0;0;0;0;0;0;0;0;0;0;0;0;0;146679550.9;0;0;2671417.63;2594464.8;0;76952.83;3508260;138446.87;0;0;0;1886.47;0;0;0;484422.17;4133015.51
16.543.264/0001-21;2016-10-01;1;131109.31;1801.6;0;0;129307.71;2688782;0;0;0;0;0;0;0;0;0;0;0;0;0;0;0;0;0;0;2688782;0;0;0;0;0;0;0;794.43;0;0;794.43;0;31442.53;0;0;0;0;0;0;0;26917.23;58359.76
16.671.412/0001-93;2016-10-01;2;1413576.25;2000;0;0;1411576.25;135308715.1;135070000;0;135070000;0;0;0;0;0;0;0;0;0;0;0;0;0;0;0;0;0;0;0;0;238715.1;0;0;903498.84;896786.24;0;6712.6;949642.98;93249.54;0;0;0;0;0;0;0;368376.17;1411268.69
16.671.412/0001-93;2016-11-01;1;1395116.04;2000;0;0;1393116.04;138241190.32;138000000;0;138000000;0;0;0;0;0;0;0;0;0;0;0;0;0;0;0;0;0;0;0;0;241190.32;0;0;953604.3;950088.2;0;3516.1;949642.98;93308.62;0;0;0;0;0;0;0;368378.05;1411329.65
16.671.412/0001-93;2016-12-01;1;1453153.4;2000;0;0;1451153.4;138243898.02;138000000;0;138000000;0;0;0;0;0;0;0;0;0;0;0;0;0;0;0;0;0;0;0;0;243898.02;0;0;950088.2;950088.2;0;0;1007197.1;108399.57;0;0;0;0;0;0;0;399577.03;1515173.7
16.802.320/0001-03;2016-10-01;1;4157735.84;3006.88;0;0;4154728.96;209423656.94;209000000;0;209000000;0;0;0;0;0;0;0;0;0;0;0;0;0;0;0;0;0;0;0;0;423656.94;0;0;2468570.51;2232087.41;0;236483.1;1810927.5;78811.72;0;0;0;0;13334203.7;0;0;50275.06;15274217.98
16.802.320/0001-03;2016-11-01;1;4247622.63;2975.14;0;0;4244647.49;197827961.97;197400000;0;197400000;0;0;0;0;0;0;0;0;0;0;0;0;0;0;0;0;0;0;0;0;427961.97;0;0;2464142.03;2232087.53;0;232054.5;1883364.6;78599.28;0;0;0;0;14731465.42;0;0;50168.43;16743597.73
16.802.320/0001-03;2016-12-01;1;4272784.78;3028615.13;0;0;1244169.65;197832670.35;197400000;0;197400000;0;0;0;0;0;0;0;0;0;0;0;0;0;0;0;0;0;0;0;0;432670.35;0;0;2459270.59;2232087.55;0;227183.04;1955801.7;81140.72;0;0;0;0;14589522.78;0;0;82711.24;16709176.44
16.841.067/0001-99;2016-10-01;1;2506277.71;38369.06;2467908.65;0;0;29318469.23;0;0;0;0;0;0;0;0;0;0;0;0;0;0;0;0;0;0;0;0;0;29318469.23;0;0;0;0;2315.48;0;0;2315.48;0;34135.09;0;0;0;0;0;0;0;45647.7;79782.79
16.841.067/0001-99;2016-11-01;1;2940647.68;76209.61;2864438.07;0;0;29123940.65;0;0;0;0;0;0;0;0;0;0;0;0;0;0;0;0;0;0;0;0;0;29123940.65;0;0;0;0;1147.84;0;0;1147.84;0;34392.37;0;0;0;0;0;0;0;49948.29;84340.66
16.841.067/0001-99;2016-12-01;1;3355534.95;43669.15;3311865.8;0;0;28999657.96;0;0;0;0;0;0;0;0;0;0;0;0;0;0;0;0;0;0;0;0;0;28999657.96;0;0;0;0;270.8;0;0;270.8;619899.34;38081.65;11057.29;0;0;0;0;0;0;54823.84;723862.12
16.915.968/0001-88;2016-10-01;1;2851648.72;-302.42;0;0;2851951.14;35439590.11;5841228.87;0;0;0;0;0;5841228.87;0;0;0;0;0;0;0;244270.17;0;0;0;0;29354091.07;0;0;0;0;0;0;340518.11;0;0;340518.11;0;60680.78;75693.8;0;0;0;0;0;0;0;136374.58
16.915.968/0001-88;2016-11-01;1;5314339.33;247876.21;0;0;5066463.12;35212583.1;5841816.6;0;0;0;0;0;5841816.6;0;0;0;0;0;0;0;0;0;0;0;0;29370766.5;0;0;0;0;0;0;330906.59;0;0;330906.59;0;65620.21;93922.54;0;0;0;0;0;0;0;159542.75
16.915.968/0001-88;2016-12-01;1;445504.31;331.65;0;0;445172.66;40282279.71;5842488.88;0;0;0;0;0;5842488.88;0;0;0;0;0;0;0;0;0;0;0;0;34439790.83;0;0;0;0;0;0;217473.52;0;0;217473.52;0;72612.48;99997.49;0;0;0;0;0;0;0;172609.97
17.007.443/0001-07;2016-10-01;1;496625.66;97.82;496527.84;;;72300000;72300000;;72300000;;;;;;;;;;;;;;;;;;;;;;;;743253.5;738000;;5253.5;;17324.2;;;;;;;;1489858.11;1507182.31
17.007.443/0001-07;2016-11-01;1;511722.18;954.75;510767.43;;;72300000;72300000;;72300000;;;;;;;;;;;;;;;;;;;;;;;;740617.15;738000;;2617.15;;17324.2;;;;;;;;1446061.18;1463385.38
17.007.443/0001-07;2016-12-01;1;532097.57;581.65;531515.92;;;72300000;72300000;;72300000;;;;;;;;;;;;;;;;;;;;;;;;738257.86;738000;;257.86;;17324.12;;;;;;;;1387251.28;1404575.4
17.007.528/0001-95;2016-10-01;1;0;;;;;54281779.66;54147485.43;;54147485.43;;;;;;;;;;;;;;134294.23;;;;;;;;;;1371331.72;1369544.29;;1787.43;;5400;;41426512.88;;;;;;9461.77;41441374.65
17.007.528/0001-95;2016-11-01;1;0;;;;;54268351.85;54147485.43;;54147485.43;;;;;;;;;;;;;;120866.42;;;;;;;;;;1370480.72;1369544.29;;936.43;;5400;;41492795.3;;;;;;9409.33;41507604.63
17.007.528/0001-95;2016-12-01;1;0;;;;;54255737.02;54147485.43;;54147485.43;;;;;;;;;;;;;;108251.59;;;;;;;;;;1369544.29;1369544.29;;;;5399.9;;41481301.38;;;;;;9609.56;41496310.84
17.035.124/0001-05;2016-10-01;1;515.58;515.58;;;;130126954.71;128693233;;128693233;;;;;;;;;;;;;;1433721.71;;;;;;;;;;1371018.01;1369140.96;;1877.05;;9102.8;;117497516.19;;;;;;36948.86;117543567.85
17.035.124/0001-05;2016-11-01;1;993.13;993.13;;;;130243604.27;128693233;;128693233;;;;;;;;;;;;;;1550371.27;;;;;;;;;;1370061.12;1369140.96;;920.16;;9102.8;;117365108.27;;;;;;23337.45;117397548.52
17.035.124/0001-05;2016-12-01;1;1000;1000;;;;130321772.69;128693233;;128693233;;;;;;;;;;;;;;1628539.69;;;;;;;;;;1369261.8;1369140.96;;120.84;;9102.72;;117251670.54;;;;;;24633.7;117285406.96
17.156.502/0001-09;2016-10-01;1;1299290.03;11387.84;0;0;1287902.19;108594475.11;0;0;0;0;0;0;0;0;0;0;0;0;0;0;50764.67;0;0;0;0;0;0;108543710.44;0;0;0;0;46744.48;0;0;46744.48;0;8684.5;0;0;0;0;0;0;56589.78;78461.58;143735.86
17.156.502/0001-09;2016-11-01;1;4847103.62;41637.38;;;4805466.24;105917832.28;0;;;;;;;;;;;;;;49615.83;;;;;;;105868216.45;;;;;50181.46;;;50181.46;;8748.21;;;;;;;56589.78;85496.15;150834.14
17.156.502/0001-09;2016-12-01;2;7165965.82;63400.25;;;7102565.57;104479064.52;0;;;;;;;;;;;;;;48987.06;;;;;;;104430077.46;;;;;387.68;;;387.68;6600000;9646.79;;;;;;;61539.05;86186.1;6757371.94
17.161.979/0001-82;2016-11-01;1;3925533.01;3925533.01;0;0;0;61897088.29;61897088.29;0;61897088.29;0;0;0;0;0;0;0;0;0;0;0;0;0;0;0;0;0;0;0;0;0;0;0;648137.53;648054.39;0;83.14;0;10553.35;0;0;0;0;0;0;0;43722.03;54275.38
17.161.979/0001-82;2016-12-01;1;2392453.4;2392453.4;0;0;0;82600391.11;82600391.11;0;82600391.11;0;0;0;0;0;0;0;0;0;0;0;0;0;0;0;0;0;0;0;0;0;0;0;577754.39;577754.39;0;0;561751.05;11204.17;0;0;0;118833.89;0;0;0;18468.31;710257.42
17.198.404/0001-34;2016-10-01;1;676.93;676.93;;;;5379086.17;5225806.1;;5225806.1;;;;;;;;;;;;;;153280.07;;;;;;;;;;1280.81;;;1280.81;;6689.82;;;;;;;;8781.32;15471.14
17.198.404/0001-34;2016-11-01;1;857.77;857.77;;;;5370881.84;5225806.1;;5225806.1;;;;;;;;;;;;;;145075.74;;;;;;;;;;624.17;;;624.17;;5389.94;;;;;;;;9134.37;14524.31
17.198.404/0001-34;2016-12-01;1;888.01;888.01;;;;5363355.76;5225806.1;;5225806.1;;;;;;;;;;;;;;137549.66;;;;;;;;;;89.58;;;89.58;;5389.9;;;;;;;;10234.88;15624.78
17.198.500/0001-82;2016-12-01;2;2894723.16;1400.96;0;0;2893322.2;131755792.52;131755792.52;0;131724417;0;0;0;31375.52;0;0;0;0;0;0;0;0;0;0;0;0;0;0;0;0;0;0;0;326789.57;326789.57;0;0;1862942.43;25000;0;0;0;0;0;0;0;3234.88;1891177.31
17.209.378/0001-00;2016-10-01;1;10413574.06;534349.2;;;9879224.86;100419015.55;100419015.55;22584596.42;;;;62464449.69;15369969.44;;;;;;;;;;;;;;;;;;;;20465913.5;;20459319.67;6593.83;;145338.93;;;;;;;;136810.9;282149.83
17.209.378/0001-00;2016-11-01;2;10638731.86;399754.08;;;10238977.78;77834419.13;77834419.13;;;;;62464449.69;15369969.44;;;;;;;;;;;;;;;;;;;;49412516;;49409055.37;3460.63;;145539.6;;;;;;;1009685;263446.24;1418670.84
17.209.378/0001-00;2016-12-01;3;10998737.67;937259.86;;;10061477.81;77985199.84;77985199.84;;;;;62615230.4;15369969.44;;;;;;;;;;;;;;;;;;;;49034616.85;;49034603.7;13.15;;166746.24;;;;;;;678687.89;260144.75;1105578.88
17.211.882/0001-37;2016-10-01;1;3038992.13;1086.09;3037906.04;;;21025365.72;21025365.72;;;21025365.72;;;;;;;;;;;;;;;;;;;;;;;51659.41;;;51659.41;;24000;;3206824.42;;;;;;1155.96;3231980.38
17.211.882/0001-37;2016-11-01;1;3045640.3;1200.44;3044439.86;;;21025365.72;21025365.72;;;21025365.72;;;;;;;;;;;;;;;;;;;;;;;41883.94;;;41883.94;;16000;;3206824.42;;;;;;1155.96;3223980.38
17.211.882/0001-37;2016-12-01;1;3070727.31;1044.86;3069682.45;;;21025365.72;21025365.72;;;21025365.72;;;;;;;;;;;;;;;;;;;;;;;37697.27;;;37697.27;;24000;;3206824.42;;;;;;1155.96;3231980.38
17.216.625/0001-98;2016-10-01;1;1354213.35;490.79;1353722.56;;;51509671.9;30696267.3;;;;;30696267.3;;;;;;;;;;;;;;;;;;20813404.6;;;199753.71;;;199753.71;;100206.4;;;;;;;;23614.54;123820.94
17.216.625/0001-98;2016-11-01;1;1213925.66;729.51;1213196.15;;;51744758.6;30740467.3;;;;;30740467.3;;;;;;;;;;;;;;;;;;21004291.3;;;198009.56;;;198009.56;;100206.4;;;;;;;;27795.94;128002.34
17.216.625/0001-98;2016-12-01;1;5532590.27;268.72;5532321.55;;;47747846.7;30740467.3;;;;;30740467.3;;;;;;;;;;;;;;;;;;17007379.4;;;196631.7;;;196631.7;;110227.04;;;;;;;;31048.89;141275.93
17.308.805/0001-08;2016-12-01;1;1315211.76;1315211.76;;;;190271449.29;190271000;;190271000;;;;;;;;;;;;;;;;;;;;;;;449.29;4687073.14;4687073.14;;;;174221.84;;;;-797290.98;;;;84020.01;-539049.13
17.311.079/0001-74;2016-12-01;1;5216289.36;15020.08;;;5201269.28;97100000;97100000;;;97100000;;;;;;;;;;;;;;;;;;;;;;;474317.46;;;474317.46;451075.87;47318.95;;3290169.67;;;;;;2932.76;3791497.25
17.331.883/0001-15;2016-11-01;1;529.59;529.59;;;;112168151.76;64981165.08;;64261998.41;;;;719166.67;;;;;;;;;;;;;;;;;;;47186986.68;889451.06;;;889451.06;;4166.67;;;;64569313.77;;;;440784.74;65014265.18
17.331.883/0001-15;2016-12-01;1;112.92;112.92;;;;64660880.29;64660880.29;;63950046.96;;;;710833.33;;;;;;;;;;;;;;;;;;;;48376690.69;;;48376690.69;;8333.34;;;;64162681.56;;;;444929.34;64615944.24
17.489.157/0001-25;2016-10-01;1;5624662.72;605.23;5624057.49;;;5240000;5240000;;5240000;;;;;;;;;;;;;;;;;;;;;;;;1726.81;;;1726.81;;6000;;;;;;;;39410.49;45410.49
17.489.157/0001-25;2016-11-01;1;5432018.47;298.23;5431720.24;;;0;0;;;;;;;;;;;;;;;;;;;;;;;;;;904.61;;;904.61;;;;;;;;;;8262.94;8262.94
17.568.605/0001-86;2016-12-01;1;1528240.39;1528240.39;;;;235933000;235933000;;235933000;;;;;;;;;;;;;;;;;;;;;;;;3124842.22;3124842.22;;;;44168.03;;;;;;;;400172.65;444340.68
17.590.518/0001-25;2016-10-01;1;771394.33;2009.02;769385.31;0;0;231118000;231118000;0;231118000;0;0;0;0;0;0;0;0;0;0;0;0;0;0;0;0;0;0;0;0;0;0;0;2195247.36;2187168.13;0;8079.23;2126010.51;27600.09;0;0;0;0;0;0;0;141199.2;2294809.8
17.590.518/0001-25;2016-11-01;1;800099.3;2360.41;797738.89;0;0;231118000;231118000;0;231118000;0;0;0;0;0;0;0;0;0;0;0;0;0;0;0;0;0;0;0;0;0;0;0;1823050.23;1819055.66;0;3994.57;2159583.33;27597.71;0;0;0;0;0;0;0;74148.3;2261329.34
17.590.518/0001-25;2016-12-01;2;815452.15;1202.99;814249.16;0;0;231118000;231118000;0;231118000;0;0;0;0;0;0;0;0;0;0;0;0;0;0;0;0;0;0;0;0;0;0;0;1862096.25;1862096.25;0;0;2159569.98;30310.18;0;0;0;0;0;0;0;76496.69;2266376.85
17.655.122/0001-19;2016-10-01;1;1273935.59;29920.67;1244014.92;0;0;37368732.73;37368732.73;0;37368732.73;0;0;0;0;0;0;0;0;0;0;0;0;0;0;0;0;0;0;0;0;0;0;0;552351.98;484850.7;0;67501.28;0;10000;0;0;0;0;0;0;0;0;10000
17.655.122/0001-19;2016-11-01;1;1413559.04;58264.15;1355294.89;;;37368268.01;37368268.01;;37368268.01;;;;;;;;;;;;;;;;;;;;;;;;497819.02;431605.55;;66213.47;;10000;;;;;;;;;10000
17.655.122/0001-19;2016-12-01;1;1366661.32;21141.57;1345519.75;;;37368268.01;37368268.01;;37368268.01;;;;;;;;;;;;;;;;;;;;;;;;518555.77;450295.19;;68260.58;;10000;;;;;;;;;10000
17.854.016/0001-64;2016-10-01;1;20438.9;20423.4;0;0;15.5;142960000;142960000;0;142960000;0;0;0;0;0;0;0;0;0;0;0;0;0;0;0;0;0;0;0;0;0;0;0;570341.16;563932.21;0;6408.95;0;321604.52;0;0;0;0;0;0;0;364653.62;686258.14
17.854.016/0001-64;2016-11-01;1;32005.04;31989.4;0;0;15.64;142960000;142960000;;142960000;0;0;0;0;0;0;0;0;0;0;0;0;0;0;0;0;0;0;0;0;0;0;0;622285.59;618927.84;0;3357.75;0;343460.18;0;0;0;0;0;0;0;404199.97;747660.15
17.854.016/0001-64;2016-12-01;2;145.18;129.39;0;0;15.79;159985000;159985000;0;159985000;0;0;0;0;0;0;0;0;0;0;0;0;0;0;0;0;0;0;0;0;0;0;0;68698.9;68698.9;0;0;0;321604.52;0;0;0;0;0;0;0;3699834.84;4021439.36
18.259.637/0001-62;2016-10-01;1;206.42;206.42;;;;9190185.11;8970000;1150000;7820000;;;;;;;;;;;;;;220185.11;;;;;;;;;;67856.58;66010.21;;1846.37;;12680.43;;;;;;;;49453.74;62134.17
18.259.637/0001-62;2016-11-01;1;215.18;215.18;;;;9234672.87;8970000;1150000;7820000;;;;;;;;;;;;;;264672.87;;;;;;;;;;66930.94;66010.21;;920.73;;12680.43;;;;;;;;54807.28;67487.71
18.259.637/0001-62;2016-12-01;1;794.96;794.96;;;;9284382.88;8970000;1150000;7820000;;;;;;;;;;;;;;314382.88;;;;;;;;;;66100.36;66010.21;;90.15;;12680.35;;;;;;;;57113.14;69793.49
18.330.535/0001-96;2016-12-01;1;7862741.68;4102.95;7858638.73;;;243528000;243528000;;243528000;;;;;;;;;;;;;;;;;;;;;;;;2457803.43;2456555.13;;1248.3;1176822.19;194329.59;;;;;;;;42452.93;1413604.71
18.369.510/0001-04;2016-10-01;1;117.42;117.42;;;;105005184.06;12012816.21;;;;;;12012816.21;;;;;;;;;;91216.85;;92901151;;;;;;;;32615.04;;;32615.04;;99403.36;;;;;;;;;99403.36
18.369.510/0001-04;2016-11-01;1;127.42;127.42;;;;104928627.51;12012816.21;;;;;;12012816.21;;;;;;;;;;14660.3;;92901151;;;;;;;;29030.34;;;29030.34;;114308.3;;;;;;;;;114308.3
18.369.510/0001-04;2016-12-01;1;518.42;518.42;;;;104923228.64;12012816.21;;;;;;12012816.21;;;;;;;;;;9261.43;;92901151;;;;;;;;25502.61;;;25502.61;;223434.76;;;;;;;;;223434.76
18.497.672/0001-10;2016-10-01;1;2949890.16;31633.77;;;2918256.39;22296843.85;22296843.85;;;;22296843.85;;;;;;;;;;;;;;;;;;;;;;3443859.34;;3440928.44;2930.9;;;;6874768.55;;;;;;5932.4;6880700.95
18.497.672/0001-10;2016-11-01;1;2911038.4;1022.27;0;0;2910016.13;22405343.85;22405343.85;0;0;0;22405343.85;0;0;0;0;0;0;0;0;0;0;0;0;0;0;0;0;0;0;0;0;0;3245763.94;0;3243784.44;1979.5;0;0;0;6856768.55;0;0;0;0;0;10559.24;6867327.79
18.497.672/0001-10;2016-12-01;1;2901587.69;13319.48;0;0;2888268.21;22405343.85;22405343.85;0;0;0;22405343.85;0;0;0;0;0;0;0;0;0;0;0;0;0;0;0;0;0;0;0;0;0;3176310.2;0;3175284.44;1025.76;480000;0;0;6856768.55;0;0;0;0;0;11432.54;7348201.09
18.929.094/0001-43;2016-10-01;1;172.97;172.97;0;0;0;3890900.77;0;0;0;0;0;0;0;0;0;0;0;0;0;0;0;0;0;0;3890900.77;0;0;0;0;0;0;0;18677017.41;0;0;18677017.41;0;108944.93;0;40000;0;0;0;0;0;28476.01;177420.94
18.950.957/0001-64;2016-10-01;1;328779.13;328779.13;;;;487507033.26;486548893.74;78423059.33;408125834.41;;;;;;;;;;;;;;958139.52;;;;;;;;;;69356128.57;2104750.13;;67251378.44;;55600.11;;236838891.65;;102734869.29;;;;67692030.9;407321391.95
18.950.957/0001-64;2016-11-01;2;361956.8;361956.8;;;;469865957.72;469847604.41;61721770;408125834.41;;;;;;;;;;;;;;18353.31;;;;;;;;;;68137480.38;2161560.29;;65975920.09;;53429.37;;231819524.09;;101679182.25;;;;66454006.89;400006142.6
18.950.957/0001-64;2016-12-01;1;969.01;969.01;;;;471510515.29;469847604.41;61721770;408125834.41;;;;;;;;;;;;;;1662910.88;;;;;;;;;;2223978.99;2218370.45;;5608.54;;57261.62;;166696520.89;;;;;;166164982.63;332918765.14
18.979.895/0001-13;2016-12-01;1;27081676.02;6186945.33;0;0;20894730.69;73976675.38;103202.72;0;0;0;0;0;103202.72;0;0;0;0;0;0;0;6210303.26;0;0;0;0;0;0;67663169.4;0;0;0;0;0;0;0;0;850000;92270.06;0;0;0;0;0;0;0;43538.46;985808.52
19.107.604/0001-60;2016-12-01;1;14606071.02;9948.32;;;14596122.7;14101980;0;;;;;;;;;;;;;;;;;;14101980;;;;;;;;0;;;;;44963.33;;;;;;;;5477.1;50440.43
19.131.224/0001-60;2016-10-01;2;5864020.64;14683.48;;;5849337.16;914183782.12;0;;;;;;;;;;;;;;132430000;;;;781753782.12;;;;;;;;8445404.51;;;8445404.51;1088667.21;20154.89;;;;;;;;7366387.72;8475209.82
19.131.224/0001-60;2016-11-01;1;4763098.7;10790.45;;;4752308.25;915270360.15;0;;;;;;;;;;;;;;132430000;;;;782840360.15;;;;;;;;7352897.95;;;7352897.95;1074526.6;20154.83;;;;;;;;6279802.58;7374484.01
19.131.224/0001-60;2016-12-01;1;4327891.27;10682.67;;;4317208.6;874273000;0;;;;;;;;;;;;;;132430000;;;;741843000;;;;;;;;5168630.95;;;5168630.95;1643348.27;19804.3;;;;;;;;5248203.16;6911355.73
19.239.245/0001-02;2016-10-01;1;158802.73;3658.24;;;155144.49;794505906.25;794505906.25;;794505906.25;;;;;;;;;;;;;;;;;;;;;;;;15164839.7;5373801.12;;9791038.58;;30525.28;;295445067.45;;;;;;;295475592.73
19.239.245/0001-02;2016-11-01;1;3505613.19;4418.42;;;3501194.77;809870850;809870850;;809870850;;;;;;;;;;;;;;;;;;;;;;;;15122602.53;5373801.12;;9748801.41;;30968.55;;296974711.57;;;;;;3853.36;297009533.48
19.239.245/0001-02;2016-12-01;1;5500713.83;5049.28;;;5495664.55;815290000;815290000;;815290000;;;;;;;;;;;;;;;;;;;;;;;;15463049.39;5759258.94;;9703790.45;;34756.72;;296944823.99;;;;;;14450;296994030.71
19.249.956/0001-50;2016-10-01;1;696245.9;1178.14;;;695067.76;14253418;14253418;;14253418;;;;;;;;;;;;;;;;;;;;;;;;131659.93;129064.53;;2595.4;;9142;;;;;;;34281.27;8340.6;51763.87
19.249.956/0001-50;2016-11-01;1;826669.86;1378.18;;;825291.68;14253418;14253418;;14253418;;;;;;;;;;;;;;;;;;;;;;;;145839.95;143914.98;;1924.97;;9142;;;;;;;34281.27;8340.6;51763.87
19.249.956/0001-50;2016-12-01;1;959041.11;2524.2;;;956516.91;14253418;14253418;;14253418;;;;;;;;;;;;;;;;;;;;;;;;179877.08;143914.98;;35962.1;678971.31;9141.88;;;;;;;70016.6;8340.5;766470.29
19.390.726/0001-06;2016-10-01;1;99.6;99.6;;;;9958.17;0;;;;;;;;;;;;;;;;9105.24;;;;;;;;;852.93;0;;;;;;;;;;;;;;0
19.390.726/0001-06;2016-11-01;1;15.9;15.9;;;;9113.76;0;;;;;;;;;;;;;;;;9113.76;;;;;;;;;;47.12;;;47.12;;;;;;;;;;;0
19.390.726/0001-06;2016-12-01;1;953.6;953.6;;;;8262.79;0;;;;;;;;;;;;;;;;8217.53;;;;;;;;;45.26;0;;;;;;;;;;;;;;0
19.442.626/0001-86;2016-12-01;1;4356768.04;45251.76;4311516.28;;;176000000;176000000;;;;176000000;;;;;;;;;;;;;;;;;;;;;;94214274.14;526826.12;;93687448.02;3749400;176679.65;;;;;;;;1489852.15;5415931.8
19.628.741/0001-40;2016-12-01;1;18855.9;18855.9;;;;298502000;298502000;;298502000;;;;;;;;;;;;;;;;;;;;;;;;3220038.4;3220038.4;;;;133355.04;;;;-1730989.1;;;;31170.94;-1566463.12
19.805.989/0001-39;2016-10-01;1;12616.24;12616.24;0;0;0;437654825.1;0;0;0;0;0;0;0;0;0;0;0;0;0;0;0;0;0;0;0;0;0;0;0;437654825.1;0;0;10349.54;0;0;10349.54;0;34745.13;0;0;0;0;0;0;0;28201.53;62946.66
19.805.989/0001-39;2016-11-01;1;13828.34;13828.34;0;0;0;297906465.9;0;0;0;0;0;0;0;0;0;0;0;0;0;0;0;0;0;0;0;0;0;0;0;297906465.9;0;0;5421.14;0;0;5421.14;0;33079.78;0;0;0;0;0;0;0;29441.73;62521.51
19.805.989/0001-39;2016-12-01;1;11830.05;11830.05;0;0;0;297617202.98;0;0;0;0;0;0;0;0;0;0;0;0;0;0;0;0;0;0;0;0;0;0;0;297617202.98;0;0;1747.73;0;0;1747.73;0;25990.37;0;0;0;0;0;0;0;29228.71;55219.08
20.132.453/0001-89;2016-12-01;1;505028.44;542.84;;;504485.6;32263000;32263000;;;32263000;;;;;;;;;;;;;;;;;;;;;;;0;;;;;22500;;;;;;;;74194.3;96694.3
20.216.935/0001-17;2016-12-01;1;2761509.17;9685.89;2751823.28;;;89141035.12;0;;;;;;;35987;;;;;;;74071925.3;;;;;;;;;15033122.82;;;750.64;;;750.64;779109.25;38886.33;;;;;;;;1314628.09;2132623.67
20.265.434/0001-20;2016-10-01;1;251221830.95;4177.38;0;0;251217653.57;993480392.13;0;0;0;0;0;0;0;0;0;0;0;0;0;0;198610469.15;0;0;0;0;0;0;638964820.17;0;155905102.81;0;0;1721666.12;0;0;1721666.12;0;690614.15;1021578.712;0;0;0;0;0;0;487832.428;2200025.29
20.265.434/0001-20;2016-11-01;1;158242884.33;10000;0;0;158232884.33;1099410738.58;0;0;0;0;0;0;0;0;0;0;0;0;0;0;325753893.77;0;0;0;0;0;0;622342177.54;0;151314667.27;0;0;555960.54;0;0;555960.54;0;694395.72;96106.768;0;0;0;0;0;0;294021.242;1084523.73
20.265.434/0001-20;2016-12-01;1;71788181.1;1715.87;0;0;71786465.23;1201555798.31;0;0;0;0;0;0;0;0;0;0;0;0;0;0;317967536.6;0;0;0;0;0;0;768810579.13;0;114777682.58;0;0;213354.63;0;0;213354.63;86430233.28;771106.39;960175.41;0;0;0;0;0;0;367261.52;88528776.6
20.265.467/0001-70;2016-10-01;1;135282.57;385.2;0;0;134897.37;3413190.66;3413190.66;0;0;3413190.66;0;0;0;0;0;0;0;0;0;0;0;0;0;0;0;0;0;0;0;0;0;0;808.58;0;0;808.58;0;20000;0;0;0;0;0;0;0;26201.55;46201.55
20.265.467/0001-70;2016-11-01;1;115878.3;0;0;0;115878.3;9398051.4;9398051.4;0;2787063.32;6610988.08;0;0;0;0;0;0;0;0;0;0;0;0;0;0;0;0;0;0;0;0;0;0;423.58;0;0;423.58;0;20000;0;0;0;0;0;0;0;27255.4;47255.4
20.265.467/0001-70;2016-12-01;1;77159.4;0;0;0;77159.4;12322488.08;12322488.08;0;5711500;6610988.08;0;0;0;0;0;0;0;0;0;0;0;0;0;0;0;0;0;0;0;0;0;0;0;0;0;0;0;20000;0;0;0;0;0;0;0;28414.58;48414.58
20.748.515/0001-81;2016-10-01;1;22573712.42;4065.89;;;22569646.53;127491888.65;127491888.65;;127491888.65;;;;;;;;;;;;;;;;;;;;;;;;1275729.57;1270645.46;;5084.11;;14500;;22190589.91;;;;;;25857.01;22230946.92
20.748.515/0001-81;2016-11-01;1;23884797.19;727.69;;;23884069.5;127491888.65;127491888.65;;127491888.65;;;;;;;;;;;;;;;;;;;;;;;;1273308.77;1270645.46;;2663.31;;14500;;22190589.91;;;;;;113095.91;22318185.82
20.748.515/0001-81;2016-12-01;1;289924.1;23956.61;;;265967.49;332867185.82;332867185.82;;332867185.82;;;;;;;;;;;;;;;;;;;;;;;;1270645.46;1270645.46;;;;16877.64;;78295760.15;;;;;;154882.61;78467520.4
21.408.063/0001-51;2016-10-01;1;423211.27;2426.06;420785.21;;;15605345.78;15485960;;15485960;;;;;;;;;;;;;;;;;;;;;;;119385.78;0;;;;;20551.48;;;;;;;;7555;28106.48
21.408.063/0001-51;2016-11-01;1;311096.3;2401.01;308695.29;;;15485960;15485960;;15485960;;;;;;;;;;;;;;;;;;;;;;;;53265.37;;;53265.37;;20538.4;615515.86;;;;;;;7555;643609.26
21.408.063/0001-51;2016-12-01;1;2532809.04;2229145.44;303663.6;;;13500000;13500000;;13500000;;;;;;;;;;;;;;;;;;;;;;;;639.75;;;639.75;;38247.05;;;;;;;;118905;157152.05
21.500.481/0001-74;2016-12-01;1;182388.22;0;0;0;182388.22;64675593.76;64675593.76;0;64675593.76;0;0;0;0;0;0;0;0;0;0;0;0;0;0;0;0;0;0;0;0;0;0;0;0;0;0;0;0;11363.64;0;0;0;0;0;0;0;11436.14;22799.78
21.500.500/0001-62;2016-10-01;1;920937.46;0;0;0;920937.46;99130584.8;99130584.8;0;99130584.8;0;0;0;0;0;0;0;0;0;0;0;0;0;0;0;0;0;0;0;0;0;0;0;5174.77;0;0;5174.77;0;25000;0;0;0;0;0;0;0;27653.33;52653.33
21.500.500/0001-62;2016-11-01;1;927344.56;0;0;0;927344.56;99130584.8;99130584.8;0;99130584.8;0;0;0;0;0;0;0;0;0;0;0;0;0;0;0;0;0;0;0;0;0;0;0;2710.57;0;0;2710.57;0;26968.46;0;0;0;0;0;0;0;29655.33;56623.79
21.500.500/0001-62;2016-12-01;2;1063687.47;0;0;0;1063687.47;106333523.05;106333523.05;0;106333523.05;0;0;0;0;0;0;0;0;0;0;0;0;0;0;0;0;0;0;0;0;0;0;0;0;0;0;0;0;26968.46;0;0;0;0;0;0;0;31857.53;58825.99
21.500.514/0001-86;2016-10-01;1;4068257.41;0;0;0;4068257.41;99720000;99720000;0;0;0;0;0;99720000;0;0;0;0;0;0;0;0;0;0;0;0;0;0;0;0;0;0;0;5174.77;0;0;5174.77;0;25000;0;0;0;0;0;0;0;13229.3;38229.3
21.500.514/0001-86;2016-11-01;1;4284744.66;0;0;0;4284744.66;99720000;99720000;0;0;0;0;0;99720000;0;0;0;0;0;0;0;0;0;0;0;0;0;0;0;0;0;0;0;2710.57;0;0;2710.57;0;25000;0;0;0;0;0;0;0;15468.3;40468.3
21.500.514/0001-86;2016-12-01;1;1229694.14;0;0;0;1229694.14;122898748.93;122898748.93;0;0;0;0;0;122898748.93;0;0;0;0;0;0;0;0;0;0;0;0;0;0;0;0;0;0;0;0;0;0;0;0;28810.26;0;0;0;0;0;0;0;17931.2;46741.46
22.211.522/0001-75;2016-10-01;1;103871096.1;10154.22;103860941.88;;;92488770.31;0;;;;;;;;;;;;;;;;;;92488770.31;;;;;;;;7626.02;;;7626.02;;1294220.08;;;;;;;;12633.46;1306853.54
22.211.522/0001-75;2016-11-01;1;104644745.74;11068.02;104633677.72;;;92488770.31;0;;;;;;;;;;;;;;;;;;92488770.31;;;;;;;;3994.62;;;3994.62;;1360526.12;;;;;;;;12912.26;1373438.38
22.211.522/0001-75;2016-12-01;1;103525733.72;20749.54;103504984.18;;;94467969.69;0;;;;;;;;;;;;;;;;;;94467969.69;;;;;;;;0;;;;;1438944.23;;;;;;;;13219.86;1452164.09
22.340.978/0001-35;2016-10-01;1;9677056.74;407590.59;0;0;9269466.15;76164800;57618634.68;5278052.2;0;1000000;49666996.69;0;1673585.79;0;0;0;0;0;0;0;0;0;0;0;18546165.32;0;0;0;0;0;0;0;5577.29;0;0;5577.29;0;10000;0;0;0;0;0;0;0;6000;16000
22.340.978/0001-35;2016-11-01;1;16734037.72;312.05;0;0;16733725.67;70164800;57618634.68;5278052.2;0;1000000;49666996.69;0;1673585.79;0;0;0;0;0;0;0;0;0;0;0;12546165.32;0;0;0;0;0;0;0;2921.44;0;0;2921.44;0;10000;0;0;0;0;0;0;0;11833.33;21833.33
22.340.978/0001-35;2016-12-01;1;19426771.75;6510.88;0;0;19420260.87;57618634.68;57618634.68;5278052.2;48666990.69;1000000;1000000;0;1673591.79;0;0;0;0;0;0;0;0;0;0;0;0;0;0;0;0;0;0;0;0;0;0;0;0;10000;0;0;0;0;0;0;0;57420.19;67420.19
22.646.161/0001-90;2016-10-01;1;153113.67;543;;;152570.67;47847848.44;42297848.44;;;;42297848.44;;;;;;;;;;;;;;;5550000;;;;;;;3069.79;;;3069.79;;15000;;100000;;;;;;1790.01;116790.01
22.646.161/0001-90;2016-11-01;1;136919.98;523.12;0;0;136396.86;55947848.44;49647848.44;0;0;0;49647848.44;0;0;0;0;0;0;0;0;0;0;0;0;0;0;6300000;0;0;0;0;0;0;1607.99;0;0;1607.99;0;15000;0;100000;0;0;0;0;0;4705.41;119705.41
22.646.161/0001-90;2016-12-01;1;117604.1;131.83;0;0;117472.27;70851598.44;58051598.44;0;0;0;58051598.44;0;0;0;0;0;0;0;0;0;0;0;0;0;0;12800000;0;0;0;0;0;0;0;0;0;0;0;14999.82;0;100000;0;0;0;0;0;17533.17;132532.99
23.120.098/0001-16;2016-10-01;1;15410184.18;0;0;0;15410184.18;203982796.21;0;0;0;0;0;0;0;0;0;0;0;0;0;0;0;0;0;0;203982796.21;0;0;0;0;0;0;0;7762.23;0;0;7762.23;0;25000;0;0;0;0;0;0;0;21741.6;46741.6
23.120.098/0001-16;2016-11-01;1;15507312.95;0;0;0;15507312.95;203982796.21;0;0;0;0;0;0;0;0;0;0;0;0;0;0;0;0;0;0;203982796.21;0;0;0;0;0;0;0;4065.93;0;0;4065.93;0;25000;0;0;0;0;0;0;0;27325.6;52325.6
23.120.098/0001-16;2016-12-01;1;15597567.33;0;0;0;15597567.33;203982796.21;0;0;0;0;0;0;0;0;0;0;0;0;0;0;0;0;0;0;203982796.21;0;0;0;0;0;0;0;0;0;0;0;0;25609.72;0;0;0;0;0;0;0;40802.34;66412.06
23.177.717/0001-09;2016-10-01;1;6324491.62;0;0;0;6324491.62;209491664.77;0;0;0;0;0;0;0;0;0;0;0;0;0;0;0;0;0;0;0;0;0;209491664.77;0;0;0;0;7784.85;0;0;7784.85;0;118129.17;684764.64;0;0;0;0;0;0;44991.4;847885.21
23.177.717/0001-09;2016-11-01;1;5672144.1;78.05;0;0;5672066.05;195989918.46;0;0;0;0;0;0;0;0;0;0;0;0;0;74643.37;0;0;0;0;0;0;0;195915275.09;0;0;0;0;4074.79;0;0;4074.79;0;117303.99;722085.35;0;0;0;0;0;0;47993.4;887382.74
23.177.717/0001-09;2016-12-01;1;5220943.31;0;0;0;5220943.31;197467368.47;0;0;0;0;0;0;0;0;0;0;0;0;0;73417.06;0;0;0;0;0;0;0;197393951.41;0;0;0;0;1050.29;0;0;1050.29;0;123408.12;741649.07;0;0;0;0;0;0;51295.6;916352.79
23.179.381/0001-13;2016-10-01;2;27016.28;27016.28;;;;44605000.01;0;;;;;;;;;;;;;;;;;;;44605000.01;;;;;;;1554241.03;;;1554241.03;;10000;;;;;;;;27817.52;37817.52
23.179.381/0001-13;2016-11-01;1;996349.58;13581.6;982767.98;;;44605000.01;0;;;;;;;;;;;;;;;;;;;44605000.01;;;;;;;1552435.23;;;1552435.23;;10000;;;;;;;;33311.41;43311.41
23.179.381/0001-13;2016-12-01;1;1966108.68;13069.81;1953038.87;;;52874000;0;;;;;;;;;;;;;;;;;;;52874000;;;;;;;1551006.77;;;1551006.77;1316573.12;10000;;;;;;;;63636.34;1390209.46
23.740.552/0001-31;2016-10-01;1;955499.88;0;0;0;955499.88;9079150.02;9079150.02;0;0;0;9079150.02;0;0;0;0;0;0;0;0;0;0;0;0;0;0;0;0;0;0;0;0;0;2495.6;0;0;2495.6;0;10000;0;0;0;0;0;0;0;40003.76;50003.76
23.740.552/0001-31;2016-11-01;1;930963.25;0;0;0;930963.25;9079150.02;9079150.02;0;0;0;9079150.02;0;0;0;0;0;0;0;0;0;0;0;0;0;0;0;0;0;0;0;0;0;952.93;0;0;952.93;0;10000;0;0;0;0;0;0;0;47920.86;57920.86
23.740.552/0001-31;2016-12-01;1;2183940.41;0;0;0;2183940.41;6804553.62;6804553.62;0;0;0;6804553.62;0;0;0;0;0;0;0;0;0;0;0;0;0;0;0;0;0;0;0;0;0;1032475.34;0;1032475.34;0;0;10000;0;0;0;0;0;0;0;56627.21;66627.21
23.740.575/0001-46;2016-10-01;1;55593008.72;0;0;0;55593008.72;61073623.62;0;0;0;0;0;0;0;0;0;0;0;0;0;0;0;0;0;0;0;0;0;0;0;61073623.62;0;0;513109.35;0;0;513109.35;0;55536.61;0;0;0;0;0;0;0;26760.3;82296.91
23.740.575/0001-46;2016-11-01;1;53236397.49;0;0;0;53236397.49;61624670.34;0;0;0;0;0;0;0;0;0;0;0;0;0;0;0;0;0;0;0;0;0;0;0;61624670.34;0;0;536570.12;533859.55;0;2710.57;0;55579.68;0;0;0;0;0;0;0;39142.7;94722.38
23.740.575/0001-46;2016-12-01;1;1348183.89;0;0;0;1348183.89;114878000;114878000;0;0;0;0;0;114878000;0;0;0;0;0;0;0;0;0;0;0;0;0;0;0;0;0;0;0;691213.99;691213.99;0;0;0;60636.75;0;1160000;0;0;0;0;0;52752.34;1273389.09
23.768.027/0001-24;2016-12-01;1;9624259.77;9624259.77;;;;340505000;340505000;;340505000;;;;;;;;;;;;;;;;;;;;;;;;3003348.23;2987080.02;;16268.21;;29942.71;;;;694203.69;;;;701466.75;1425613.15
23.768.932/0001-84;2016-12-01;1;1802486.12;1802486.12;;;;150659000;150659000;;150659000;;;;;;;;;;;;;;;;;;;;;;;;1165875.39;1165875.39;;;;20524.71;;;;;;;;-119.81;20404.9
23.781.211/0001-04;2016-11-01;1;18075131.93;4700755.14;0;0;13374376.79;664399248.18;663435709.41;0;65757063.01;0;0;0;597678646.4;0;0;0;0;0;0;0;0;0;0;0;0;963538.77;0;0;0;0;0;0;16178160.73;0;0;16178160.73;0;74293.08;0;175973691.13;0;0;377329053.31;0;0;0;553377037.52
23.781.211/0001-04;2016-12-01;1;5736629.75;9394.59;0;0;5727235.16;871382503.8;870404037.35;0;66265732.43;0;0;0;804138304.92;0;0;0;0;0;0;0;0;0;0;0;0;978466.45;0;0;0;0;0;0;18505090.07;2448312.46;0;16056777.61;0;88238.3;0;263025931.15;0;0;379771613.76;0;0;9065959.42;651951742.63
23.876.086/0001-16;2016-11-01;1;13800274.72;71131.61;13729143.11;;;0;0;;;;;;;;;;;;;;;;;;;;;;;;;;10931.62;;;10931.62;;15000;;;;;;;;;15000
23.876.086/0001-16;2016-12-01;1;13787181.52;753.71;13786427.81;;;0;0;;;;;;;;;;;;;;;;;;;;;;;;;;47132.8;;;47132.8;;30000;;;;;;;;;30000
26.191.053/0001-20;2016-12-01;1;9991.2;9991.2;0;0;0;8950000;0;0;0;0;0;0;0;0;0;0;0;0;0;0;0;0;0;0;0;8950000;0;0;0;0;0;0;0;0;0;0;0;1181.8;0;0;0;0;0;0;0;7950000;7951181.8
26.195.121/0001-20;2016-11-01;1;1787.55;1787.55;0;0;0;0;0;0;0;0;0;0;0;0;0;0;0;0;0;0;0;0;0;0;0;0;0;0;0;0;0;0;0;0;0;0;0;0;0;0;0;0;0;0;0;6202.88;6202.88
26.195.121/0001-20;2016-12-01;1;1521466.49;17968.41;0;0;1503498.08;0;0;0;0;0;0;0;0;0;0;0;0;0;0;0;0;0;0;0;0;0;0;0;0;0;0;0;400000;0;0;400000;0;7000;0;0;0;0;0;0;0;4119.34;11119.34
